drugname,drughiclseqno,n,category,group
ACETAMINOPHEN,1866,32651,,
1000 ML FLEX CONT : SODIUM CHLORIDE 0.9 % IV SOLN,8255,30100,,
potassium chloride,549,29327,,
FUROSEMIDE,3660,29030,,
1000 ML  -  SODIUM CHLORIDE 0.9 % IV SOLN,8255,26556,,
SODIUM CHLORIDE 0.9%,8255,26052,,
POTASSIUM CHLORIDE CRYS ER 20 MEQ PO TBCR,549,24984,,
ACETAMINOPHEN 325 MG PO TABS,1866,24668,,
SODIUM CHLORIDE 0.9 % IV : 1000 ML,8255,23860,,
POTASSIUM CHLORIDE,549,23287,,
NaCl 0.9% MBP,8255,22657,,
TYLENOL,1866,22258,,
fentaNYL,25386,21072,fentanyl,opioid
SODIUM CHLORIDE 0.9% 1000 ML LVP,8255,19904,,
ONDANSETRON 2 MG/1 ML 2ML SDV INJ,33598,19849,,
NOVOLOG,20769,19140,insulin,insulin
DEXTROSE 50%-WATER,926,18593,dextrose-50,iv-sugar
GLUCOSE 15 GRAM/60 ML BQ LIQ,807,17930,dextrose,nutrition-sugar
LASIX,3660,17801,,
PANTOPRAZOLE SODIUM 40 MG IV SOLR,22008,17779,,
MAGNESIUM SULFATE 2 GM/50 ML IVPB,610,17536,,
SODIUM CHLORIDE 0.9 % SYRINGE : 10 ML SYRINGE,8255,17399,,
potassium CHLORIDE 20 mEq in,549,17048,,
potassium CHLORIDE 20 MEQ TR TAB,549,16905,,
"Sodium Chloride 0.9% 1,000 ML BAG",8255,16694,,
LORAZEPAM,4846,15792,,
INSULIN-LISPRO (rDNA) *UNIT* INJ,11528,14922,insulin,insulin
PANTOPRAZOLE SODIUM 40 MG PO TBEC,22008,14817,,
acetaMINOPHEN 325 MG TAB,1866,14708,,
ZOFRAN,33598,14604,,
100 ML  -  POTASSIUM CHLORIDE 20 MEQ/100ML IV SOLN,549,14384,,
Dextrose 50%,926,13955,dextrose-50,iv-sugar
MORPHINE 2 MG/1 ML 1 ML SYR,1694,13697,morphine,opioid
50 ML SYRINGE : DEXTROSE 50 % IV SOLN,926,13510,dextrose-50,iv-sugar
ASPART insulin,20769,13466,insulin,insulin
PANTOPRAZOLE,22008,13099,,
morphine,1694,13017,morphine,opioid
LOPRESSOR,2102,12944,,
propofol,4842,12662,,
NARCAN,1874,12656,,
SUBLIMAZE,25386,12556,,
2 ML VIAL : ONDANSETRON HCL 4 MG/2ML IJ SOLN,33598,12492,,
acetaminophen,1866,12228,,
LORazepam,4846,12139,,
SODIUM CHLORIDE 0.9 % IV SOLP,8255,12121,,
ATIVAN,4846,12066,,
PERCOCET 5/325 TAB,1741,12035,,
fentaNYL citrate (PF),25386,11932,fentanyl,opioid
fentaNYL (PF) 50 MCG/1 ML 2 ML INJ,25386,11925,fentanyl,opioid
PROTONIX,22008,11878,,
MIDAZOLAM,1619,11760,,
LOVENOX,7878,11729,,
ondansetron,33598,11615,,
1000 ML FLEX CONT: SODIUM CHLORIDE 0.9 % IV SOLN,8255,11268,,
DEXTROSE 50% 25 GRAM/50 ML SYR,926,11266,dextrose-50,iv-sugar
METOPROLOL TARTRATE 25 MG PO TABS,2102,11150,,
DOCUSATE SODIUM,1326,11100,,
GLUCAGON 1 MG (1 UNIT) INJ,19078,10893,glucagon,glucagon
SENNOSIDES-DOCUSATE SODIUM 8.6-50 MG PO TABS,21772,10595,,
MAGNESIUM SULF 2 G/50 ML NS,610,10342,,
METOPROLOL TARTRATE,2102,10159,,
ENOXAPARIN,7878,10087,,
HYDROCODONE-ACETAMINOPHEN 5-325 MG PO TABS,1730,9938,,
D50,926,9816,,
VANCOMYCIN HCL 1000 MG IV SOLR,4042,9661,,
ASPIRIN 81 MG PO CHEW,1820,9509,,
SODIUM CHLORIDE,8255,9489,,
INSULIN (REGULAR) 100 UNITS in 1,768,9345,insulin,insulin
Lasix,3660,9301,,
ASPIRIN,1820,9167,,
MORPHINE SULFATE,1694,9132,morphine,opioid
BISACODYL 10 MG RECT SUPP,1301,9050,,
DEXTROSE 50%,926,8987,dextrose-50,iv-sugar
500 ML  -  SODIUM CHLORIDE 0.9 % IV SOLN,8255,8831,,
DUONEB,9040,8830,,
MORPHINE INJ,1694,8637,morphine,opioid
MORPHINE 4 MG/1 ML 1 ML SYR,1694,8633,morphine,opioid
hydrALAZINE,89,8555,,
MAGNESIUM OXIDE 400 MG TAB,609,8550,,
BISACODYL,1301,8541,,
aspirin,1820,8447,,
INSULIN-GLARGINE *UNIT* INJ,22025,8440,insulin,insulin
GLUCAGEN,19078,8307,glucagon,glucagon
NORCO,1730,8264,,
Protonix,22008,8188,,
SODIUM CHLORIDE 0.9% 250 ML LVP,8255,8142,,
Ondansetron,33598,8133,,
NSS infusion,8255,8101,,
ONDANSETRON HCL (PF) 4 MG/2 ML INJ SOLN,33598,8013,,
potassium CHLORIDE 20 MEQ UD LIQ,549,7989,,
vancomycin,4042,7826,,
DOCUSATE SODIUM 100 MG PO CAPS,1326,7799,,
4 ML  -  FUROSEMIDE 10 MG/ML IJ SOLN,3660,7797,,
PEPCID,4521,7788,,
LISINOPRIL,132,7756,,
DILAUDID,1695,7701,,
SODIUM CHLORIDE 0.9% 1000 ML PB,8255,7679,,
37.5 G TUBE : GLUCOSE 40 % PO GEL,807,7596,sugar-gel,nutrition-sugar
Zofran,33598,7595,,
COLACE,1326,7518,,
METOPROLOL TARTRATE 25 MG TAB,2102,7508,,
METOPROLOL,2102,7504,,
Tylenol,1866,7489,,
SENOKOT-S TAB,21772,7399,,
FAMOTIDINE 20 MG/2 ML SDV INJ,35085,7383,,
ATORVASTATIN,12404,7335,,
ONDANSETRON,33598,7281,,
pantoprazole,22008,7234,,
FAMOTIDINE,4521,7194,,
1000 ML  -  DEXTROSE 5 % IV SOLN,915,7157,dextrose-5,iv-sugar
FENTANYL CITRATE (PF) 50 MCG/ML INJ SOLN,25386,7156,fentanyl,opioid
3 ML PLAS CONT: IPRATROPIUM-ALBUTEROL 0.5-2.5 (3) MG/3ML IN SOLN,9040,6957,,
2 ML : ONDANSETRON HCL 4 MG/2ML IV SOLN,33598,6956,,
POLYETHYLENE GLYCOL 3350 PO PACK,22819,6897,,
furosemide,3660,6862,,
FUROSEMIDE 10 MG/1 ML 2ML SDV INJ,3660,6862,,
acetaMINOPHEN 650MG RECT SUPP,1866,6759,,
1000 ml flex cont : sodium chloride 0.9 % iv soln,8255,6741,,
GLUCAGON HCL (RDNA) 1 MG IJ SOLR,19078,6736,glucagon,glucagon
1 ML  -  HYDROMORPHONE HCL 1 MG/ML IJ SOLN,1695,6733,,
SODIUM CHLORIDE 0.9 % IJ SOLN,8255,6675,,
FUROSEMIDE 10 MG/1 ML 4ML SDV INJ,3660,6609,,
GLUCAGON,19078,6600,glucagon,glucagon
INSULIN LISPRO,11528,6595,insulin,insulin
NovoLOG,20769,6595,insulin,insulin
2 ML  -  FENTANYL CITRATE 0.05 MG/ML IJ SOLN,25386,6525,fentanyl,opioid
morPHINe,1694,6517,morphine,opioid
cefepime,10132,6503,,
ONDANSETRON HCL 4 MG/2ML IJ SOLN,6055,6501,,
MIDAZOLAM HCL,1619,6483,,
OXYCODONE IR,1742,6417,oxycodone,opioid
MAGNESIUM SULFATE 2 G IN NS PREMIX,11249,6409,,
FENTANYL CITRATE,25386,6393,fentanyl,opioid
LORazepam 2 MG/1 ML 1 ML INJ,4846,6329,,
ENOXAPARIN 40 MG/0.4 ML SYR,7878,6311,,
DIAZEPAM,1615,6296,,
100 ML  -  MAGNESIUM SULFATE IN D5W 10-5 MG/ML-% IV SOLN,6306,6244,,
"SODIUM CHLORIDE 0.9% 1,000 ML BAG",8255,6235,,
FUROSEMIDE 40 MG PO TABS,3660,6202,,
KLOR-CON,549,6202,,
albuterol-ipratropium 3-0.5mg,9040,6142,,
LACTATED RINGERS IV SOLP,525,6140,lactated-ringers,lactated-ringers
500 ML FLEX CONT EXCEL : SODIUM CHLORIDE 0.9 % IV SOLN,8255,6037,,
LANTUS,22025,6036,,
1 ML  -  HYDRALAZINE HCL 20 MG/ML IJ SOLN,89,6031,,
DEXTROSE 50 % IV SOLN,926,6010,dextrose-50,iv-sugar
POLYETHYLENE GLYCOL 3350 UDPWD,22819,5954,,
hydrALAZINE 20 MG/1 ML 1 ML INJ,89,5928,,
WARFARIN,2812,5874,,
heparin,2810,5835,,
predniSONE,2879,5824,prednisone,corticosteroid
potassium CHLORIDE 10 mEq i,549,5819,,
INSULIN REGULAR HUMAN 100 UNIT/ML IJ SOLN,768,5784,insulin,insulin
2 ML VIAL : FENTANYL CITRATE 0.05 MG/ML IJ SOLN,25386,5781,fentanyl,opioid
POTASSIUM CHLORIDE ER,549,5763,,
CLOPIDOGREL BISULFATE 75 MG PO TABS,17539,5757,,
FAMOTIDINE 20 MG TAB,4521,5748,,
10 ML VIAL : INSULIN REGULAR HUMAN 100 UNIT/ML IJ SOLN,768,5660,insulin,insulin
OXYCODONE-ACETAMINOPHEN 5-325 MG PO TABS,1741,5570,oxycodone,opioid
DUONEB 3 MG-0.5 MG/3 ML UD INH SOLN,9040,5553,,
INSULIN HUMAN REGULAR,768,5550,insulin,insulin
INSULIN ASPART,20769,5549,insulin,insulin
chlorHEXIDINE (PERIOGARD) 0.12 % oral rinse 15 mL,4297,5521,,
COREG,13795,5484,,
BENADRYL,4480,5475,,
WARFARIN SODIUM 5 MG PO TABS,2812,5448,,
amiodarone,83,5439,,
PEPCID,35085,5429,,
NOREPINEPHRINE 8 MG in 250mL NS,36346,5380,,
50 ML FLEX CONT : MAGNESIUM SULFATE 4% IJ SOLN,610,5373,,
DULCOLAX,1301,5367,,
1000 ML : SODIUM CHLORIDE 0.9 % 0.9 % IV SOLP,8255,5361,,
HYDROmorphone,1695,5288,,
FAMOTIDINE 20 MG PO TABS,4521,5267,,
HEPARIN 5000 UNIT/ML 1ML INJ,2810,5248,,
"HEPARIN 5,000 UNIT/ML",2810,5244,,
cefTRIAXone,3996,5121,,
ASPIRIN 325 MG PO TABS,1820,5075,,
POTASSIUM CHLORIDE 40 MEQ/100 ML IV PIGGY BACK : 100 ML BAG,549,5066,,
ZOFRAN,6055,5058,,
nalOXone,1874,5055,,
INSULIN LISPRO 100 UNITS/ML SUBQ SOLN,11528,5044,insulin,insulin
Sodium Chloride 0.9%  SSO,8255,5018,,
SODIUM CHLORIDE 0.9 % IV BOLUS,8255,4999,,
1 ML VIAL: HEPARIN SODIUM (PORCINE) 5000 UNIT/ML IJ SOLN,2810,4995,,
CALCIUM GLUCONATE 100 MG/ML IV SOLN,585,4988,,
CARVEDILOL,13795,4979,,
BUMINATE,2728,4940,,
ACETAMINOPHEN  325 MG ORAL TAB,1866,4928,,
magnesium sulfate 1 g in d5w 100mL **LOCKED DOSE,6306,4900,,
DEXTROSE 50% ABBOJECT,926,4886,dextrose-50,iv-sugar
PANTOPRAZOLE 40 MG EC TAB,22008,4857,,
DIPHENHYDRAMINE HCL,4480,4847,,
ALBUTEROL/IPRATROPIUM,9040,4838,,
POTASSIUM CHLORIDE 20 MEQ PO PACK,549,4838,,
HEPARIN SOD (PORCINE),2810,4832,,
LEVAQUIN,12383,4830,,
50 ML  -  ALBUMIN HUMAN 25 % IV SOLN,2728,4820,,
4 ML VIAL : FUROSEMIDE 10 MG/ML IJ SOLN,3660,4811,,
2 ML: ONDANSETRON HCL 4 MG/2ML IJ SOLN,33598,4799,,
APRESOLINE,89,4781,,
250 ML FLEX CONT : SODIUM CHLORIDE 0.9 % IV SOLN,8255,4752,,
SODIUM CHLORIDE 0.9 % IV : 500 ML,8255,4748,,
KCL 20 MEQ/50 ML,549,4743,,
"Sodium Chloride 0.9% 1,000 mL",8255,4734,,
ASPIRIN EC 81 MG PO TBEC,1820,4717,,
labetalol,2095,4715,,
HYDROmorphone 1 MG/1 ML SYR,1695,4700,,
piperacillin-tazobactam,8738,4666,,
OXYCODONE HCL 5 MG PO TABS,1742,4652,oxycodone,opioid
VERSED,1619,4636,,
"HEPARIN (PORCINE) 5,000 UNIT/ML INJECTION : 1 ML VIAL",2810,4629,,
PIPERACILLIN SOD-TAZOBACTAM SO 3-0.375 G IV SOLR,8738,4627,,
VANCOCIN,4042,4613,,
WARFARIN SOD,2812,4553,,
PROPOFOL 10 MG/1 ML 100ML SDV INJ,4842,4547,,
HYDROMORPHONE HCL,34805,4542,,
HYDROMORPHONE (PF)  1 MG/ML INJ SYRINGE,34805,4496,,
midazolam,34908,4494,,
PREDNISONE 20 MG PO TABS,2879,4493,,
Ativan,4846,4475,,
SODIUM CHLORIDE 0.9 % IV SOLN,8255,4472,,
SODIUM CHLORIDE 0.9% 500 ML LVP,8255,4461,,
LIPITOR,12404,4459,,
bisacodyl,1301,4426,,
50 ML FLEX CONT: MAGNESIUM SULFATE 40 MG/ML IJ SOLN,610,4424,,
HYDRALAZINE HCL,89,4335,,
albuterol,2073,4317,,
insulin lispro,11528,4276,insulin,insulin
1 ML  -  LORAZEPAM 2 MG/ML IJ SOLN,4846,4264,,
MORPHINE,1694,4262,morphine,opioid
AMIODARONE HCL 200 MG PO TABS,83,4250,,
ZOLPIDEM TARTRATE 5 MG PO TABS,7842,4248,,
METOPROLOL TARTRATE 50 MG PO TABS,2102,4239,,
meTOPROLOL tartrate,2102,4220,,
Insulin Aspart,20769,4218,insulin,insulin
GABAPENTIN,8831,4197,,
sodium chloride 0.9%,8255,4196,,
oxyCODONE,1742,4162,oxycodone,opioid
ASPIRIN (BABY ASA) 81 MG TAB,1820,4151,,
sodium phosphate 3 mmol/mL 15 mL Inj,540,4133,,
"PROVENTIL,VENTOLIN",2073,4128,,
SODIUM CHLORIDE 0.9 % IV SOLN BOLUS,8255,4112,,
magnesium sulfate,610,4105,,
PREDNISONE,2879,4093,,
LACTATED RINGERS IV : 1000 ML BAG,525,4075,lactated-ringers,lactated-ringers
potassium phosphate 3 mmol/mL15 mL Inj,551,4072,,
ALBUTEROL 2.5 MG/3 ML UD INH SOLN,2073,4051,,
ONDANSETRON HCL (PF) 4 MG/2 ML INJECTION 2 ML VIAL,33598,4045,,
DEXTROSE 5% IN WATER (D5W) IV : 1000 ML BAG,915,4019,dextrose-5,iv-sugar
DIPRIVAN,4842,3996,,
30 ML CUP : ALUM & MAG HYDROXIDE-SIMETH 200-200-20 MG/5ML PO SUSP,1168,3992,,
ONDANSETRON (PF),6055,3991,,
VANCOmycin 1 GM in NS 250 mL IVPB,10093,3977,,
AMLODIPINE BESYLATE 5 MG PO TABS,6494,3968,,
ECOTRIN EC,1820,3967,,
folic acid,1062,3963,,
ATORVASTATIN CALCIUM 40 MG PO TABS,12404,3956,,
REGLAN,2148,3944,,
albuterol-ipratropium (DUONEB) inhalation solution 3 mL,9040,3942,,
ZOSYN,32900,3917,,
1000 ML  -  LACTATED RINGERS IV SOLN,525,3913,lactated-ringers,lactated-ringers
GlucaGen,19078,3911,glucagon,glucagon
insulin aspart (NovoLOG) inj,20769,3909,insulin,insulin
LORAZEPAM 2 MG/ML IJ SOLN,4846,3904,,
PANTOPRAZOLE 40 MG INJ,22008,3893,,
VANCOMYCIN HCL 10 G IV SOLR,4042,3891,,
BISACODYL 10 MG RE SUPP,1301,3878,,
SOLU-MEDROL,2876,3851,,
2 ML VIAL: FUROSEMIDE 10 MG/ML IJ SOLN,3660,3848,,
NovoLOG Flexpen,20769,3837,insulin,insulin
PRINIVIL,132,3830,,
acetaminophen (TYLENOL) tab 650 mg,1866,3813,,
XANAX,1617,3801,,
DOCUSATE SODIUM 100 MG CAP,1326,3796,,
heparin (porcine),2810,3784,,
LABETALOL,2095,3781,,
"PANTOPRAZOLE 40 MG TABLET,DELAYED RELEASE",22008,3756,,
DEXTROSE 5%-NACL 0.9%,934,3751,dextrose-5,iv-sugar
ipratropium-albuterol,9040,3735,,
ondansetron (ZOFRAN) inj 4 mg,33598,3733,,
ALBUTEROL CONCENTRATED 0.5%,2073,3717,,
Sodium Chloride 0.9% FLUSH,8255,3701,,
TRAMADOL HCL 50 MG PO TABS,8317,3696,,
NORVASC,6494,3689,,
acetaminophen (TYLENOL) tablet 650 mg,1866,3677,,
FUROSEMIDE 20 MG PO TABS,3660,3677,,
sodium chloride infusion 0.9%,8255,3667,,
LACTATED RINGERS 1000 ML LVP,525,3641,lactated-ringers,lactated-ringers
SODIUM CHLORIDE 0.9% P.F.,8255,3640,,
sodium bicarbonate,523,3621,,
OXYCODONE   5 MG ORAL TAB,1742,3597,oxycodone,opioid
ONDANSETRON HCL,33598,3572,,
LIDOCAINE HCL 1 % INJ SOLN,1478,3570,,
COUMADIN,2812,3544,,
CLONIDINE HCL 0.1 MG PO TABS,113,3521,,
POTASSIUM CHLORIDE 10 MEQ/100ML IV SOLN,549,3512,,
ACETAMIN/HYDROCODON 325MG/5MG,1730,3510,,
furosemide (LASIX) inj 40 mg,3660,3485,,
1000 ML : LACTATED RINGERS IV SOLN,525,3476,lactated-ringers,lactated-ringers
CALCIUM GLUCONATE 1 GRAM/D5W 50ML,585,3465,,
PLAVIX,17539,3464,,
METOPROLOL 1 MG/ML 5ML SDV INJ,2102,3454,,
LORazepam 2 MG/1 ML 1 ML SYR,4846,3446,,
DIPHENHYDRAMINE HCL 25 MG PO CAPS,4480,3445,,
atorvastatin,12404,3443,,
MAGNESIUM HYDROXIDE,1329,3435,,
METHYLPREDNISOLONE SOD SUCC,2876,3435,,
10 ML VIAL: INSULIN ASPART 100 UNIT/ML SC SOLN,20769,3427,insulin,insulin
INSULIN HUMALOG (PER UNIT),11528,3422,insulin,insulin
LEVOFLOXACIN 750 mg in D5W 150mL,12383,3418,,
SODIUM BICARBONATE 8.4%,523,3417,,
potassium chloride 20 mEq in 50 mL ivpb **LOCKED DOSE,549,3416,,
GLUCOSE,807,3414,sugar-gel,nutrition-sugar
POLYETHYLENE GLYCOL 3350 17 GRAM ORAL PWPK,22819,3412,,
ATROVENT,57,3400,,
ALBUMIN HUMAN 5%,2728,3371,,
Sodium Chloride 0.9%,8255,3366,,
SYNTHROID,2849,3366,,
MIRALAX,22819,3362,,
4 ML : FUROSEMIDE 10 MG/ML IJ SOLN,3660,3360,,
ALBUTEROL SULF,2073,3355,,
levothyroxine,2849,3349,,
"HEPARIN, PORCINE (PF) 5000 UNIT/0.5 ML INJ SYRINGE",33314,3348,,
HEPARIN,2810,3346,,
GLYCOPYRROLATE,2028,3339,,
PERCOCET,1741,3332,,
ALBUMIN 25% 100 ML INJ,2728,3318,,
lisinopril,132,3302,,
2 ml vial : ondansetron hcl 4 mg/2ml ij soln,33598,3284,,
"NS 1,000 mL",8255,3272,,
10 ML VIAL: INSULIN REGULAR HUMAN 100 UNIT/ML IJ SOLN,768,3263,insulin,insulin
1 ML VIAL: LORAZEPAM 2 MG/ML IJ SOLN,4846,3260,,
amLODIPine,6494,3255,,
"NSS 0.9% 1,000 mL bolus infusion",8255,3251,,
SENNOSIDES,1289,3250,,
ACETAMINOPHEN 650 MG RE SUPP,1866,3248,,
50 ML  -  POTASSIUM CHLORIDE 20 MEQ/50ML IV SOLN,549,3246,,
DEXTROSE 50 % IN WATER (D50W) IV SYRINGE,926,3245,dextrose-50,iv-sugar
POTASSIUM CHLORIDE 20 MEQ/100ML IV SOLN,549,3238,,
POTASSIUM CHLORIDE  20 MEQ ORAL SR PART/TAB,549,3233,,
LORAZEPAM 2 MG/ML INJ SOLN,4846,3230,,
PANTOPRAZOLE SOD,22008,3230,,
100 ML BAG : SODIUM CHLORIDE 0.9 % 0.9 % IV SOLP,8255,3229,,
Coumadin,2812,3210,,
CALCIUM GLUCONATE 10 % IV SOLN 10ML,585,3205,,
FOLIC ACID 1 MG PO TABS,1062,3199,,
magnesium sulfate,6306,3198,,
1 ML CRTRDG-NDL : MORPHINE SULFATE (PF) 2 MG/ML IV SOLN,1694,3189,,
"hEParin inj 5,000 Units",33314,3182,,
GLUCAGON (HUMAN RECOMBINANT),19078,3177,glucagon,glucagon
LORAZEPAM 1 MG PO TABS,4846,3177,,
Lopressor,2102,3175,,
250 ML  -  SODIUM CHLORIDE 0.9 % IV SOLN,8255,3174,,
2 ML: FENTANYL CITRATE 0.05 MG/ML IJ SOLN,25386,3169,fentanyl,opioid
500 ML FLEX CONT : SODIUM CHLORIDE 0.9 % IV SOLN,8255,3159,,
POTASSIUM CHLORIDE 2 MEQ/ML IV SOLN,549,3159,,
methylPREDNISolone 40 MG INJ,2876,3149,,
DEXAMETHASONE 4 MG/1ML INJECTION,2888,3142,,
ONDANSETRON 4 MG PO TBDP,19058,3142,,
"ACETAMINOPHEN 1,000 MG/100 ML (10 MG/ML) IV SOLN",1866,3136,,
NaCl 0.9%,8255,3114,,
DOCUSATE SODIUM 250 MG ORAL CAP,1326,3111,,
CARDIZEM,182,3109,,
NALOXONE,1874,3103,,
MAGNESIUM SULFATE 50 % (4 MEQ/ML) INJ,610,3102,,
10 ML CUP : MAGNESIUM HYDROXIDE 2400 MG/10ML PO SUSP,1329,3079,,
LEVOFLOXACIN IN D5W 750 MG/150ML IV SOLN,12383,3076,,
VANCOMYCIN HCL,4042,3064,,
SODIUM BICARBONATE 8.4% 50 ML INJ,523,3063,,
1 ML VIAL : LORAZEPAM 2 MG/ML IJ SOLN,4846,3060,,
ROXICODONE,1742,3056,,
SODIUM CHLORIDE 0.9% 500 ML PB,8255,3056,,
ZOSYN 3.375 GRAM in NS 100 mL IVPB,8738,3051,,
"HEPARIN 25,000 unit(s) in D5W 25",2808,3049,,
DIGOXIN,4,3047,,
FENTANYL CITRATE 0.05 MG/ML IJ SOLN,25386,3035,fentanyl,opioid
1 ML  -  DIPHENHYDRAMINE HCL 50 MG/ML IJ SOLN,4480,3029,,
10 ML VIAL: INSULIN GLARGINE 100 UNIT/ML SC SOLN,22025,3029,insulin,insulin
VANCOMYCIN,4042,3026,,
Colace,1326,3021,,
MILK OF MAGNESIA UD LIQ 30 ML,1329,3012,,
37.5 G TUBE : DEXTROSE (DIABETIC USE) 40 % PO GEL,807,3010,sugar-gel,nutrition-sugar
FUROSEMIDE 10 MG/ML IJ SOLN,3660,3007,,
VANCOMYCIN HCL 1 GM VIAL,4042,3003,,
SODIUM CHLORIDE 0.9 % SYRINGE 10 ML SYRINGE,8255,3002,,
LACTULOSE 20 GRAM/30 ML UD LIQ,1396,2998,,
PREDNISONE 10 MG PO TABS,2879,2998,,
"RINGERS SOLUTION,LACTATED",525,2993,lactated-ringers,lactated-ringers
oxyCODONE 5 MG TAB,1742,2983,oxycodone,opioid
K-DUR,549,2975,,
4 ML VIAL: FUROSEMIDE 10 MG/ML IJ SOLN,3660,2974,,
TRAZODONE,1652,2972,,
BUMEX,3664,2962,,
MAGNESIUM OXIDE,609,2961,,
2 ML  -  METOCLOPRAMIDE HCL 5 MG/ML IJ SOLN,2148,2952,,
ASPIRIN EC,1820,2950,,
CEFAZOLIN 2 GM IN NS 100 ML IVPB (REPACKAGE),26808,2941,,
Lovenox,7878,2936,,
calcium gluconate,585,2930,,
0.5 ML PLAS CONT : ALBUTEROL SULFATE (5 MG/ML) 0.5% IN NEBU,2073,2929,,
albuterol sulfate (PROVENTIL) (2.5 MG/3ML) 0.083% inhalation solution 2.5 mg,2073,2926,,
diltiazem,182,2920,,
FUROSEMIDE INJ,3660,2920,,
10 ML  -  CALCIUM GLUCONATE 10 % IV SOLN,585,2907,,
Magnesium Sulfate ivpb,610,2906,,
50 ML SYRINGE: DEXTROSE 50 % IV SOLN,926,2905,,
NALOXONE 0.4 MG/ML INJ SOLN,1874,2902,,
AMLODIPINE BESYLATE 10 MG PO TABS,6494,2900,,
GABAPENTIN 300 MG PO CAPS,8831,2900,,
"ASPIRIN, CHILDREN'S",1820,2881,,
MORPHINE 5 MG/ML INJECTION : 1 ML VIAL,25277,2880,morphine,opioid
HYDROcodone-acetaminophen,1730,2877,,
INSULIN LISPRO (HUMAN) 100 UNIT/ML SUBCU SOLN EXTEMP INJ,11528,2873,insulin,insulin
SODIUM CHLORIDE BACTERIOSTATIC 0.9 % INJ SOLN,3794,2869,,
MAGNESIUM SULFATE 50 % IJ SOLN,610,2867,,
diphenhydrAMINE,4480,2862,,
LIDOCAINE-TRANSPARENT DRESSING 4 % EXTERNAL KIT,22038,2859,,
metoprolol,2102,2858,,
Dilaudid,34805,2852,,
HALOPERIDOL LACTATE,1661,2847,,
100 ml flex cont : magnesium sulfate in d5w 10-5 mg/ml-% iv soln,6306,2830,,
2 ML VIAL : MIDAZOLAM HCL 2 MG/2ML IJ SOLN,1619,2829,,
diphenhydrAMINE 50 MG/1 ML 1 ML INJ,4480,2823,,
ONDANSETRON HCL 4 MG/2ML IJ SOLN,33598,2820,,
fentaNYL inj 50 mcg,25386,2819,fentanyl,opioid
DuoNeb,9040,2810,,
ACETAMINOPHEN 500 MG PO TABS,1866,2808,,
Dextrose 5% SSO,915,2807,dextrose-5,iv-sugar
METOPROLOL TARTRATE 1 MG/ML IV SOLN,2102,2806,,
ATROPINE 0.1 MG/ML INJ SYRINGE,2004,2805,,
LANOXIN,4,2801,,
BAYER CHEWABLE,1820,2800,,
LISINOPRIL 10 MG PO TABS,132,2791,,
famotidine,35085,2786,,
DEXMEDETOMIDINE 200 MCG in 50 mL NS,20971,2781,,
midazolam,1619,2775,,
ALBUTEROL 90 MCG,2073,2773,,
DEXTROSE 50% INJ,926,2773,dextrose-50,iv-sugar
traZODone,1652,2770,,
ONDANSETRON INJ,6055,2768,,
CLOPIDOGREL 75 MG TAB,17539,2749,,
INSULIN GLARGINE SYRINGE,22025,2749,insulin,insulin
GLUCOSE 40% GEL,807,2748,sugar-gel,nutrition-sugar
OPTIRAY 320,4703,2748,,
AMLODIPINE BESYLATE,6494,2745,,
ONDANSETRON 4 MG PO TAB-DISPERSE,19058,2744,,
DILTIAZEM,182,2743,,
sodium chloride 0.9 % flush peripheral lok 3 mL,8255,2741,,
2 ML  -  FAMOTIDINE 10 MG/ML IV SOLN,4521,2739,,
METOCLOPRAMIDE,2148,2737,,
ONDANSETRON HCL 4 MG PO TABS,6055,2736,,
MORPHINE SULFATE 2 MG/ML IJ SOLN,1694,2732,morphine,opioid
10 ml vial : insulin aspart 100 unit/ml sc soln,20769,2731,insulin,insulin
POTASSIUM SODIUM PHOSPHATE PWDPKT,532,2728,,
NSS 0.9% 500 mL bolus infusion,8255,2722,,
1 ML VIAL : DEXAMETHASONE SODIUM PHOSPHATE 4 MG/ML IJ SOLN,2888,2712,,
ALBUMIN 5% 250 ML INJ,2728,2710,,
HALDOL,1661,2707,,
HYDROMORPHONE,1695,2707,,
IPRATROPIUM-ALBUTEROL,9040,2704,,
CLOPIDOGREL,17539,2702,,
INSULIN LISPRO (HUMAN) 100 UNIT/ML SC SOLN,11528,2702,insulin,insulin
ALPRAZOLAM,1617,2697,,
NaCl 0.9% ADV,8255,2697,,
CALCIUM GLUCONATE 2 G/50 ML NS,37109,2676,,
MAGNESIUM SULFATE IN D5W 1 GRAM/100 ML IV PIGGY BACK : 100 ML,6306,2674,,
10 ML  -  HEPARIN SODIUM (PORCINE) 1000 UNIT/ML IJ SOLN,2810,2670,,
dextrose 50 % inj,926,2669,dextrose-50,iv-sugar
INSULIN REGULAR HUMAN 100 UNIT/ML INJ SOLN,768,2669,insulin,insulin
niCARdipine 40 MG in 200 mL NS RTU-,35779,2668,,
HEPARIN SODIUM (PORCINE) 5000 UNIT/ML IJ SOLN,2810,2665,,
HALOPERIDOL 5 MG/1 ML 1 ML INJ,1661,2660,,
MIDAZOLAM 1 MG/ML INJ SOLN,1619,2654,,
enoxaparin,7878,2648,,
metoPROLOL,2102,2647,,
LORAZEPAM 0.5 MG PO TABS,4846,2644,,
Midazolam,1619,2644,,
METHYLPREDNISOLONE SODIUM SUCC 125 MG IJ SOLR,2876,2631,,
NEURONTIN,8831,2628,,
3 ML VIAL : INSULIN REGULAR HUMAN 100 UNIT/ML IJ SOLN,768,2626,insulin,insulin
LISINOPRIL 20 MG PO TABS,132,2624,,
ALBUTEROL SULFATE 2.5 MG INHL NEB SOLN,2073,2622,,
INSULIN DETEMIR,26407,2621,insulin,insulin
CARVEDILOL 3.125 MG PO TABS,13795,2619,,
zolpiDEM 5 MG TAB,7842,2598,,
BUFFERED LIDOCAINE 1%,37458,2597,,
meropenem,11254,2595,,
potassium chloride ivpb,549,2593,,
SENNA/DOCUSATE SODIUM,21772,2592,,
LORazepam 0.5 MG TAB,4846,2590,,
LEVETIRACETAM 500 MG PO TABS,20952,2587,,
MILK OF MAGNESIA,1329,2585,,
dexmedetomidine,40230,2583,,
Albuterol-Ipratropium (DUONEB) nebulizer solution 3 mL,9040,2580,,
sodium chloride 0.9 %,8255,2578,,
ALBUMIN HUMAN 25%,2728,2577,,
SODium PHOSphate 15 MMOL/100ML NS,540,2567,,
DEXT 5%-NACL 0.45% 1000 ML LVP,936,2566,dextrose-5,iv-sugar
MIDAZOLAM (PF) 1 MG/1 ML 2 ML INJ,1619,2560,,
metoprolol tartrate,2102,2559,,
FUROSEMIDE 20 MG/2ML INJ SOLN,3660,2557,,
AMIODARONE 200 MG TAB,83,2542,,
MAGNESIUM SULFATE 2G/SODIUM CHLORIDE 0.9% 100ML STOCK BAG,610,2541,,
TAMSULOSIN HCL 0.4 MG PO CAPS,13864,2537,,
ACETAMINOPHEN 325 MG TABLET,1866,2536,,
Sodium Chloride 0.9% 500 ML BAG,8255,2532,,
ZOFRAN ODT,19058,2518,,
ALPRAZOLAM 0.25 MG PO TABS,1617,2512,,
SoluMedrol,36808,2510,,
ASPIRIN 81 MG EC TAB,1820,2508,,
ALBUMIN 5% 500 ML INJ,2728,2500,,
1 ML CRTRDG-NDL : MORPHINE SULFATE 2 MG/ML IJ SOLN,1694,2498,,
Albuterol-Ipratropium 2.5MG-0.5MG,9040,2492,,
sodium chloride 0.9% (NS) infusion,8255,2489,,
POTASSIUM & SODIUM PHOSPHATES 280-160-250 MG PO PACK,532,2488,,
50 ml syringe : dextrose 50 % iv soln,926,2469,dextrose-50,iv-sugar
DEXTROSE 50% VIAL,926,2464,dextrose-50,iv-sugar
250 ML  -  ALBUMIN HUMAN 5 % IV SOLN,2728,2463,,
Benadryl,4480,2460,,
Potassium Chloride Inj 2 MEQ/ML VIAL,549,2457,,
20 ML  -  LABETALOL HCL 5 MG/ML IV SOLN,2095,2454,,
docusate sodium (COLACE) cap 100 mg,1326,2454,,
LABETALOL HCL,2095,2452,,
METHYLPREDNISOLONE SODIUM SUCC 125 MG IJ SOLR,36808,2449,,
PHENYLEPHRINE HCL 10 MG/ML IJ SOLN,2087,2439,,
PROPOFOL 10 MG/ML IV EMUL,4842,2439,,
3 ML VIAL : INSULIN LISPRO (HUMAN) 100 UNIT/ML SC SOLN,11528,2429,insulin,insulin
nitroglycerin,159,2428,,
1000 ML  -  DEXTROSE-NACL 5-0.45 % IV SOLN,940,2427,dextrose-045,iv-sugar
oxyCODONE (OXY IR) cap-tab 5 mg,1742,2410,oxycodone,opioid
atropine,2004,2409,,
FAMOTIDINE,35085,2408,,
2 ML  -  PROCHLORPERAZINE EDISYLATE 5 MG/ML IJ SOLN,1628,2404,,
VANCOMYCIN HCL IN DEXTROSE 1 GM/200ML IV SOLN,8466,2403,,
NITROGLYCERIN 0.4 MG SL SUBL,159,2402,,
acetaminophen 325 mg po tabs,1866,2398,,
methylPREDNISolone 125 MG INJ,2876,2397,,
SENNOSIDES  8.6 MG ORAL TAB,1289,2395,,
SODIUM PHOSPHATE 3 MMOLE/ML IV : 15 ML VIAL,540,2394,,
ceFAZolin,3976,2382,,
insulin aspart Corrective dosing,20769,2380,insulin,insulin
SODIUM PHOSPHATE,540,2378,,
POTASSIUM CHLORIDE  20 MEQ ORAL PACK,549,2375,,
HYDRALAZINE,89,2374,,
FUROSEMIDE 10 MG/ML INJ SOLN,3660,2371,,
"POTASSIUM CHLORIDE ER 10 MEQ TABLET,EXTENDED RELEASE",549,2364,,
LACTATED RINGERS,525,2360,lactated-ringers,lactated-ringers
SIMVASTATIN,6312,2358,,
LABETALOL 5 MG/ML IV SOLN,2095,2353,,
CALCIUM GLUCONATE 10%,585,2352,,
WARFARIN SODIUM 2 MG PO TABS,2812,2351,,
calcium chloride,582,2349,,
HYDRALAZINE HCL 20 MG/ML IJ SOLN,89,2342,,
THIAMINE,1075,2338,,
HYDROCODONE 5 MG-ACETAMINOPHEN 325 MG TABLET,1730,2336,,
PNEUMOCOCCAL POLYSACCHARIDES,4212,2330,,
NITROSTAT,159,2325,,
albuterol inhale,2073,2324,,
fentaNYL 1000 MCG IN 100 ML NS,22724,2316,fentanyl,opioid
lidocaine,33592,2316,,
docusate,1326,2315,,
NITROGLYCERIN,159,2314,,
potassium CHLORide liquid 40 mEq,549,2314,,
magnesium sulfate ivpb.,610,2306,,
PROMETHAZINE 25 MG/1 ML 1ML SDV INJ,12014,2306,,
MIDAZOLAM HCL 2 MG/2ML IJ SOLN,1619,2297,,
2 ML VIAL : METOCLOPRAMIDE HCL 5 MG/ML IJ SOLN,2148,2292,,
FENTANYL STANDARD INFUSION 10 MCG/ML PREMIX,6438,2291,fentanyl,opioid
KCL 10%,549,2290,,
warfarin,2812,2285,,
Dilaudid,1695,2281,,
K-Dur 20,549,2281,,
AMIODARONE,83,2280,,
CHLORHEXIDINE GLUCONATE 0.12%,4297,2271,,
NITROGLYCERIN 0.4 MG(1/150) SL TAB,159,2251,,
LACTULOSE,1396,2250,,
CALCIUM GLUCONATE 10 % IV SOLN,585,2249,,
CARVEDILOL 6.25 MG PO TABS,13795,2248,,
MAGNESIUM SULFATE 4 GRAM/100 ML IV PIGGY BACK : 100 ML FLEX CONT,610,2241,,
potassium CHLORIDE 40 MEQ INJ,549,2236,,
1 ML  -  NALOXONE HCL 0.4 MG/ML IJ SOLN,1874,2234,,
levETIRAcetam,20952,2234,,
1 ml : hydromorphone hcl pf 1 mg/ml ij soln,34805,2233,,
GLUCOSE-VITAMIN C 4-0.006 G PO CHEW,807,2228,sugar-gel,nutrition-sugar
ondansetron (ZOFRAN) injection 4 mg,33598,2228,,
100 ML VIAL : PROPOFOL 10 MG/ML IV EMUL,4842,2221,,
LABETALOL 5 MG/1ML 20ML MDV INJ,2095,2216,,
potassium chloride ivpb in SW,549,2205,,
LISINOPRIL 5 MG PO TABS,132,2203,,
METHYLPREDNISOLONE SODIUM SUCC 40 MG IJ SOLR,36808,2201,,
MEPERIDINE (PF)  25 MG/ML INJ SYRINGE,33243,2198,,
DELTASONE,2879,2197,,
AMIODARONE HCL 900 MG/18ML IV SOLN,83,2195,,
rocuronium,8963,2194,,
potassium chloride ER tab 40 mEq,549,2190,,
glucagon,19078,2186,glucagon,glucagon
ceFAZolin (ANCEF) in Dextrose ivpb 2 g,3976,2178,,
EPINEPHrine,2050,2174,epinephrine,adrenergic-agent
famotidine,4521,2167,,
INSULIN HUM-REG (PER UNIT),768,2165,insulin,insulin
NORMODYNE;TRANDATE,2095,2163,,
ROCEPHIN,3996,2152,,
AMIODARONE 900 MG in 500 mL D5W,83,2148,,
GLUCOSE 40% 15 GRAM BQ GEL,807,2145,sugar-gel,nutrition-sugar
3 ML PLAS CONT: ALBUTEROL SULFATE (2.5 MG/3ML) 0.083% IN NEBU,2073,2143,,
LEVOTHYROXINE SODIUM,2849,2141,,
MAGNESIUM OXIDE 400 (241.3 MG) MG PO TABS,609,2141,,
docusate sodium,1326,2138,,
NOREPINEPHRINE BITARTRATE 1 MG/ML IJ SOLN,2051,2135,norepinephrine,
4 ML VIAL : FUROSEMIDE 10 MG/ML INJ SOLN,3660,2124,,
CORDARONE,83,2124,,
K PHOS MONO-SOD PHOS DI & MONO 155-852-130 MG PO TABS,3687,2113,,
SODIUM CHLORIDE 0.9 % BOLUS,8255,2110,,
WARFARIN SODIUM 2.5 MG PO TABS,2812,2110,,
PROPOFOL,4842,2109,,
MagOx 400,609,2107,,
2 ML : METOCLOPRAMIDE HCL 5 MG/ML INJ SOLN,2148,2103,,
FENTANYL CITRATE 0.05 MG/ML INJ SOLN (RANGE) PRN,25386,2103,fentanyl,opioid
IPRATROPIUM-ALBUTEROL 0.5 MG-3 MG(2.5 MG BASE)/3 ML NEB SOLUTION 3 ML VIAL,9040,2103,,
famotidine (PEPCID) (2 mg/mL) inj dilution 20 mg,4521,2100,,
ANCEF,3976,2099,,
ATORVASTATIN CALCIUM 10 MG PO TABS,12404,2099,,
POTASSIUM CHLORIDE 40 MEQ/100 ML IV PIGGYBACK,549,2090,,
pantoprazole (PROTONIX) injection 40 mg,22008,2088,,
DILTIAZEM HCL,182,2079,,
SODIUM CHLORIDE 0.9% 250 ML PB,8255,2079,,
500 ML : SODIUM CHLORIDE 0.9 % 0.9 % IV SOLP,8255,2076,,
ATORVASTATIN CALCIUM 20 MG PO TABS,12404,2075,,
1 ML VIAL : HYDRALAZINE HCL 20 MG/ML IJ SOLN,89,2073,,
ZOLPIDEM TARTRATE,7842,2072,,
CLOPIDOGREL BISULFATE,17539,2061,,
vancomycin hcl 1000 mg iv solr,4042,2059,,
20 ML VIAL: POTASSIUM CHLORIDE 2 MEQ/ML IV SOLN,549,2056,,
MORPHINE 2MG/ML,1694,2056,morphine,opioid
POTASSIUM CHLORIDE 10 MEQ/50ML IV SOLN,549,2055,,
VANCOMYCIN CONSULT TO PHARMACY,4042,2054,,
HEPARIN SODIUM (PORCINE) PF 5000 UNIT/0.5ML INJ SOLN,33314,2052,,
SODIUM BICARBONATE 8.4 % IV SOLN,523,2048,,
SODIUM CHLORIDE 0.45% 1000 ML LVP,8254,2043,,
VANCOMYCIN 1.25 GM IN NS 250 ML IVPB (REPACKAGE),10093,2037,,
MORPHINE 5 MG/ML INJECTION : 1 ML VIAL,1694,2036,morphine,opioid
POLYETHYLENE GLYCOL 3350 PO POWD,22819,2026,,
SODium PHOSphate 30 MMOL/250ML NS,540,2025,,
20 ML SYRINGE : CEFAZOLIN 2 G IN STERILE WATER 20 ML SYRINGE IV,35282,2017,,
BUMETANIDE,3664,2012,,
VANCOMYCIN HCL IN DEXTROSE 1 GM/200ML IV SOLN,4042,2010,,
amLODIPine 5 MG TAB,6494,2009,,
MAGNESIUM SULFATE 2 GRAM/50 ML IV PIGGY BACK 50 ML FLEX CONT,610,2009,,
10 ML  -  MAGNESIUM SULFATE 50 % IJ SOLN,610,2008,,
VANCOMYCIN 1 G/200 ML D5W,8466,2005,,
DOCUSATE SODIUM 100 MG CAPSULE,1326,2002,,
RESTORIL,1592,2002,,
ATORVASTATIN CALCIUM 80 MG PO TABS,12404,2001,,
ENOXAPARIN INJ,7878,2001,,
METOCLOPRAMIDE HCL,2148,1997,,
LEVETIRACETAM 500 MG/5ML IV SOLN,20952,1994,,
potassium chloride SA,549,1991,,
carvedilol,13795,1990,,
"POTASSIUM CHLORIDE ER 20 MEQ TABLET,EXTENDED RELEASE(PART/CRYST)",549,1988,,
cefTRIAXone 1 GRAM in NS 50 mL IVPB,3996,1987,,
QUEtiapine,14015,1984,,
PANTOPRAZOLE 40 MG ORAL ENT COAT TAB,22008,1983,,
HEPARIN (PORCINE) IN NACL 100-0.45 UNIT/ML-% IJ SOLN,8643,1976,,
Pepcid,35085,1975,,
VANCOmycin 1.25 GM in NS 500ML IVPB,10093,1970,,
LIDOCAINE 1% 10MG/ML 20ML MDV INJ,1478,1969,,
PIPERACILLIN/TAZOBACTAM SOD 3.375 GM  VIAL,8738,1968,,
4 ml vial : furosemide 10 mg/ml ij soln,3660,1965,,
"1 ML VIAL : HEPARIN (PORCINE) 5,000 UNIT/ML INJ SOLN",2810,1963,,
0.4 ML SYRINGE : ENOXAPARIN SODIUM 40 MG/0.4ML SC SOLN,7878,1957,,
PANTOPRAZOLE 40 MG IV RECON SOLN,22008,1950,,
digoxin,4,1946,,
METOPROLOL TARTRATE 50 MG TAB,2102,1946,,
HYDROCODONE-ACETAMINOPHEN 10-325 MG PO TABS,1730,1944,,
VANCOmycin 1.5 GM in NS 500ML IVPB,10093,1944,,
VITAMINS/MINERALS PO TABS,1097,1939,,
NOREPINEPHRINE,2051,1934,norepinephrine,
METOPROLOL TARTRATE  25 MG ORAL TAB,2102,1932,,
glycopyrrolate,2028,1930,,
THIAMINE 100 MG TAB,1075,1922,,
ASPIRIN 325MG TAB,1820,1920,,
MORPHINE 10 MG/1 ML 1 ML SYR,1694,1920,morphine,opioid
NOREPINEPHRINE BITARTRATE 1 MG/ML IV SOLN,2051,1919,norepinephrine,
azithromycin,6334,1911,,
potassium chloride 10 mEq in 100 mL ivpb **LOCKED DOSE,549,1911,,
1000 ML FLEX CONT: DEXTROSE-NACL 5-0.45 % IV SOLN,936,1910,dextrose-045,iv-sugar
POLYETHYLENE GLYCOL 3350 17 GRAM ORAL POWDER PACKET,22819,1909,,
MORPHINE 10 MG/ML INJECTION : 1 ML INJECTION,1694,1908,morphine,opioid
OMEPRAZOLE 20 MG PO CAP-DEL-REL,4673,1908,,
PANTOPRAZOLE 40 MG INTRAVENOUS SOLUTION,22008,1903,,
metoprolol (LOPRESSOR) tab 25 mg,2102,1899,,
DEXTROSE 5% IN NORMAL SALINE IV : 1000 ML BAG,934,1898,dextrose-5,iv-sugar
ALBUTEROL SULFATE (2.5 MG/3ML) 0.083% IN NEBU,2073,1896,,
IBUPROFEN,3723,1894,,
30 ML CUP : MAGNESIUM HYDROXIDE 400 MG/5ML PO SUSP,1329,1891,,
IPRATROPIUM-ALBUTEROL 0.5 MG-3 MG(2.5 MG BASE)/3 ML INHL NEB SOLN,9040,1884,,
metroNIDAZOLE 500 MG in 100ML RTU-PB,8259,1884,,
CARVEDILOL 12.5 MG PO TABS,13795,1878,,
50 ML VIAL : SODIUM BICARBONATE 8.4 % IV SOLN,523,1876,,
PIPERACILLIN/TAZOBACTAM,8738,1876,,
TORADOL,5175,1875,,
morphine sulfate 2 mg/ml ij/iv soln,1694,1874,morphine,opioid
EPHEDRINE SULFATE,2084,1873,,
MAGNESIUM SULFATE 4 MEQ/ML (50 %) INJ SOLN,610,1871,,
DEXTROSE 50% SYRINGE,926,1870,dextrose-50,iv-sugar
"LR 1,000 mL",525,1870,,
PIPERACILLIN-TAZOBACTAM 3.375 G MINI-BAG PLUS,8738,1870,,
BISACODYL  5 MG ORAL ENT COAT TAB,1301,1869,,
metoprolol tartrate (LOPRESSOR) inj 5 mg,2102,1864,,
dextrose 50% in water,926,1861,dextrose-50,nutrition-sugar
CALCIUM GLUCONATE 2 GRAM/D5W 50ML,585,1857,,
VANCOMYCIN 1 G MINI-BAG PLUS (VIAL MATE),37442,1856,,
ZOSYN,8738,1855,,
PANTOPRAZOLE SODIUM,22008,1854,,
NALOXONE HCL 0.4 MG/ML IJ SOLN,1874,1853,,
2 ML VIAL : MIDAZOLAM HCL 1 MG/ML IJ SOLN,1619,1847,,
1 ml vial : heparin sodium (porcine) 5000 unit/ml ij soln,2810,1845,,
gabapentin,8831,1845,,
PROPOFOL IV EMULSION,4842,1845,,
MUPIROCIN 2 % TOP OINT,3385,1843,,
ASPIRIN   81 MG ORAL CHEW TAB,1820,1835,,
15 ML CUP : POTASSIUM CHLORIDE 10 % ORAL LIQD,549,1830,,
docusate sodium (COLACE) oral liquid 100 mg,1326,1830,,
MORPHINE SULFATE (PF) 2 MG/ML IV SOLN,1694,1829,morphine,opioid
aspirin chew tab 81 mg,1820,1826,,
phenylephrine,2087,1826,,
FERROUS SULFATE 325 (65 FE) MG PO TABS,739,1825,,
MORPHINE 4 MG/ML SYRINGE : 1 ML SYRINGE,1694,1823,morphine,opioid
10 ML VIAL : HEPARIN SODIUM (PORCINE) 1000 UNIT/ML IJ SOLN,2810,1820,,
PHYTONADIONE,1040,1820,,
4 ML SYRINGE : LABETALOL HCL 5 MG/ML IV SOLN,2095,1816,,
HYDRALAZINE HCL 25 MG PO TABS,89,1816,,
Propofol 10 MG/ML Inj 10 MG/ML VIAL,4842,1815,,
500 ML  -  HEPARIN (PORCINE) IN D5W 50-5 UNIT/ML-% IV SOLN,2808,1814,,
diphenhydrAMINE HCl,4480,1810,,
plasma-LYte 148 infusion,629,1808,,
NACL 0.9% (1566),8255,1807,,
METOPROLOL TARTRATE 25 MG TABLET,2102,1806,,
CALCIUM CARBONATE 200 MG CALCIUM (500 MG) ORAL CHEW TAB,1163,1800,,
ZOCOR,6312,1798,,
Norco 5 mg-325 mg,1730,1795,,
cisatracurium,10278,1794,,
"VANCOMYCIN 1,000 MG IV SOLUTION : 1 EACH VIAL",4042,1792,,
famotidine (PEPCID) tab 20 mg,4521,1791,,
SODIUM CHLORIDE 0.9% 1000 ML,8255,1791,,
NORMAL SALINE FLUSH,8255,1790,,
ASPIRIN 325 MG TABLET,1820,1779,,
1 ML SYRINGE : MORPHINE SULFATE (PF) 4 MG/ML IV SOLN,1694,1774,,
2 ML  -  FUROSEMIDE 10 MG/ML IJ SOLN,3660,1770,,
IPRATROPIUM-ALBUTEROL 0.5-2.5 (3) MG/3ML IN SOLN,9040,1770,,
1 ML VIAL: HYDRALAZINE HCL 20 MG/ML IJ SOLN,89,1768,,
DIAZEPAM 5 MG PO TABS,1615,1768,,
LEVETIRACETAM,20952,1765,,
OXYCODONE,1742,1761,oxycodone,opioid
"KLOR-CON,K-TAB",549,1760,,
HYDROMORPHONE HCL PF INJ SOLN (RANGE) PRN,34805,1759,,
bisacodyl (DULCOLAX) supp 10 mg,1301,1758,,
diphenhydrAMINE 25 MG CAP,4480,1754,,
MAGNESIUM SULF 2 GM/SW 50 ML BAG,610,1751,,
phenylephrine,35587,1750,,
4 ML  -  LABETALOL HCL 5 MG/ML IV SOLN,2095,1746,,
DEXTROSE 50% 25 GRAM/50 ML INJ,926,1746,dextrose-50,iv-sugar
REGULAR insulin,768,1746,,
ROCURONIUM BROMIDE,8963,1746,,
Pepcid,4521,1745,,
NALOXONE 0.4 MG/1 ML SDV INJ,1874,1743,,
HumuLIN R,768,1742,insulin,insulin
GLUCAGON HCL (RDNA) 1 MG INJ SOLR,19078,1740,glucagon,glucagon
ANCEF,25040,1738,,
<<norepinephrine 4 mg/4 mL Inj,2051,1736,norepinephrine,
Dulcolax Laxative,1301,1735,,
midazolam (VERSED) 2 MG/2ML inj 2 mg,1619,1735,,
SODIUM CHLORIDE FLUSH 0.9 % IV SOLN 10 ML PREFILL SYRINGE,8255,1734,,
Versed,34908,1733,,
PANTOPRAZOLE DR,22008,1730,,
FUROSEMIDE 40 MG TAB,3660,1726,,
albumin 5%,2728,1722,,
150 ML : LEVOFLOXACIN IN D5W 750 MG/150ML IV SOLN,12383,1720,,
"LACTATED RINGER'S 1,000 ML BAG",525,1720,lactated-ringers,lactated-ringers
HYDRALAZINE 20 MG/ML INJ SOLN,89,1713,,
ALBUMIN HUMAN 25 % IV SOLN,2728,1712,,
omeprazole (PriLOSEC) cap 20 mg,4673,1711,,
FERROUS SULFATE,739,1708,,
ALTEPLASE   2 MG INJ RECON SOLN,2803,1706,,
KETOROLAC INJ,5175,1705,,
SODIUM BICARBONATE 8.4% (ADULT) SYR,523,1705,,
POTASSIUM PHOSPHATE,17791,1701,,
sodium cl 0.9% FLUSH 1ea/10ml,8255,1701,,
IPRATROPIUM 0.02%,57,1692,,
LORazepam 1 MG TAB,4846,1691,,
2 ML AMPULE: FENTANYL CITRATE 0.05 MG/ML IJ SOLN,25386,1690,fentanyl,opioid
POTASSIUM CHLORIDE 2 MEQ/ML IV SOLP,549,1690,,
WARFARIN 5 MG TAB,2812,1689,,
10 ML VIAL : INSULIN GLARGINE 100 UNIT/ML SC SOLN,22025,1687,insulin,insulin
albumin human,2728,1687,,
LABETALOL HCL 5 MG/ML IV SOLN (RANGE) PRN,2095,1687,,
PROCHLORPERAZINE EDISYLATE 5 MG/ML INJ SOLN,1628,1681,,
furosemide (LASIX) injection 40 mg,3660,1679,,
1 ML : HYDROMORPHONE HCL PF 1 MG/ML IJ SOLN,1695,1678,,
FENTANYL,25386,1677,fentanyl,opioid
METOPROLOL SUCCINATE,6323,1672,,
ALTEPLASE 2 MG IJ SOLR,2803,1671,,
insulin regular,768,1671,insulin,insulin
100 ML FLEX CONT : MAGNESIUM SULFATE IN D5W 10-5 MG/ML-% IV SOLN,6306,1670,,
METOPROLOL SUCCINATE ER 25 MG PO TB24,6323,1666,,
THIAMINE HCL 100 MG PO TABS,1075,1666,,
ULTRAM,8317,1665,,
100 ML: POTASSIUM CHLORIDE 20 MEQ/100ML IV SOLN,549,1659,,
LOSARTAN POTASSIUM 50 MG PO TABS,9829,1659,,
WARFARIN SODIUM 1 MG PO TABS,2812,1659,,
AMIODARONE HCL,83,1657,,
"HEPARIN (PORCINE) 1,000 UNIT/ML INJECTION : 10 ML VIAL",2810,1656,,
LORAZEPAM 2 MG/ML INJECTION SOLUTION,4846,1654,,
SODIUM POLYSTYRENE SULFONATE,13209,1651,,
VANCOmycin 750 MG in NS 250 mL IVPB,4042,1639,,
VALIUM,1615,1637,,
ALBUTEROL/IPRATROPIUM NEB,9040,1636,,
traMADol,8317,1634,,
FOLIC ACID,1062,1630,,
NaCl 0.9% Bolus,8255,1630,,
potassium chloride crys er 20 meq po tbcr,549,1626,,
Nitrostat,159,1625,,
1000 ML FLEX CONT : DEXTROSE-NACL 5-0.9 % IV SOLN,934,1623,dextrose-09,iv-sugar
10 ml vial : insulin glargine 100 unit/ml sc soln,22025,1622,insulin,insulin
clopidogrel,17539,1621,,
insulin lispro (HumaLOG) injection 0-20 Units,11528,1621,insulin,insulin
INSULIN GLARGINE,22025,1620,insulin,insulin
NALOXONE HCL,1874,1618,,
propofol 1% inj,4842,1616,,
KAYCIEL,549,1614,,
NITROGLYCERIN 0.4 MG SUBLINGUAL TABLET,159,1612,,
SODIUM CHLORIDE 0.9 % IV 1000 ML BAG,8255,1611,,
DEXTROSE 5%/NACL 0.45%,936,1610,dextrose-5,iv-sugar
ASPIRIN 300 MG RECT SUPP,1820,1609,,
LISINOPRIL 10 MG TAB,132,1606,,
DIPHENHYDRAMINE HCL 50 MG/ML INJ SOLN,4480,1604,,
POTASSIUM CHLORIDE ER 10 MEQ PO TAB-CONT-REL,549,1602,,
HYDROmorphone,1615,1601,,
"INSULIN LISPRO, RECOMBINANT",11528,1600,insulin,insulin
5 ML  -  METOPROLOL TARTRATE 1 MG/ML IV SOLN,2102,1599,,
sodium chloride 0.9% flush 10 mL,8255,1597,,
100 ML FLEX CONT : SODIUM CHLORIDE 0.9 % IV SOLN,8255,1596,,
omeprazole,4673,1596,,
SPIRONOLACTONE,2901,1595,,
methylPREDNISolone sod suc(PF),2876,1594,,
ALBUTEROL INH SOLN (VARIABLE DOSE),517,1589,,
2 ml : fentanyl citrate 0.05 mg/ml ij soln,25386,1588,fentanyl,opioid
CHLORHEXIDINE GLUCONATE  0.12 % MM MWSH,4297,1586,,
PHENYLEPHRINE 40 MG in 250 mL NS,2087,1584,,
sodium chloride,8255,1582,,
250 ml flex cont : sodium chloride 0.9 % iv soln,8255,1581,,
Milk of Magnesia,1329,1581,,
CATAPRES,113,1578,,
ONDANSETRON HCL INJ,33598,1574,,
100 ML BAG CUSTOM NDC : INSULIN INFUSION,768,1570,insulin,insulin
SODIUM CHLORIDE 0.9 % INJ SYRINGE,8255,1565,,
oxyCODONE (OXY IR) cap-tab 10 mg,1742,1563,oxycodone,opioid
fentaNYL 2000 mcg in D5W 100 mL INFUSION Final Conc = 20 mcg/mL,25386,1562,fentanyl,opioid
"VANCOMYCIN INJ 1,000 MG VIAL.",4042,1560,,
DILAUDID 1MG/ML,1695,1551,,
sodium chloride 0.9 % flush 10 mL,8255,1551,,
SODIUM CHLORIDE 0.9% 50 ML PB,8255,1551,,
CHLORHEXIDINE GLUCONATE UD LIQ 15ML,4297,1549,,
PHENYLEPHRINE HCL,2087,1549,,
1 ML  -  HALOPERIDOL LACTATE 5 MG/ML IJ SOLN,1661,1546,,
SPIRONOLACTONE 25 MG PO TABS,2901,1546,,
hydroCORTisone  (PF) 100 MG INJ,2866,1545,hydrocortisone,glucocorticoid
MEPERIDINE RANGE INJ,1687,1545,,
OXYCODONE HCL 5 MG PO TABS (RANGE) PRN,1742,1543,oxycodone,opioid
2 ML  -  NITROPRUSSIDE SODIUM 25 MG/ML IV SOLN,136,1542,,
100 ml plas cont : potassium chloride 10 meq/100ml iv soln,549,1539,,
SEROQUEL,14015,1538,,
senna,1289,1537,,
ceFAZolin 2 Gm in NS 100 mL IVPB,3976,1535,,
Coreg,13795,1534,,
HYDROMORPHONE (PF),1695,1534,,
MAGNESIUM SULFATE 2 GRAM/50 ML IV PIGGY BACK : 50 ML FLEX CONT,610,1533,,
saline lock 0.9 % flush 10 mL,8255,1531,,
DECADRON,2888,1530,,
furosemide (LASIX) inj 20 mg,3660,1530,,
KETOROLAC TROMETHAMINE,5175,1530,,
amiodarone (CORDARONE) 150 mg in d5w 100mL BOLUS,83,1524,,
DOPamine,2059,1523,dopamine,
ZOLPIDEM 5 MG TABLET,7842,1523,,
10 ML CUP : DOCUSATE SODIUM 50 MG/5ML PO LIQD,1326,1521,,
magnesium sulfate IVPB D5W 1 g 100 mL,6306,1521,,
predniSONE 20 MG TAB,2879,1519,,
DEXT 5% IN WATER 1000 ML LVP,915,1518,dextrose-5,iv-sugar
NITROSTAT 1/150,159,1517,,
POLYETHYLENE GLYCOL,22819,1517,,
2 ML VIAL : FAMOTIDINE 20 MG/2ML IV SOLN,35085,1516,,
37.5 g tube : glucose 40 % po gel,807,1511,sugar-gel,nutrition-sugar
potassium chloride ER tab 20 mEq,549,1511,,
MEDROL,2877,1510,,
NITROGLYCERIN IN D5W 200-5 MCG/ML-% IV SOLN,5888,1510,,
LEVOFLOXACIN 500mg in D5W 100mL RT,12383,1509,,
10 ML SYRINGE : CALCIUM CHLORIDE 100 MG/ML (10 %) IV SYRG,582,1506,,
NS 0.9%,8255,1506,,
PROPOFOL INFUSION 10 MG/ML,4842,1506,,
HYDRALAZINE HCL 50 MG PO TABS,89,1505,,
BISACODYL 10 MG PR SUPP,1301,1504,,
POTASSIUM CHLORIDE 20 MEQ/100 ML IV PIGGY BACK : 100 ML BAG,549,1503,,
QUETIAPINE FUMARATE 25 MG PO TABS,14015,1502,,
0.9%  NaCl infusion,8255,1499,,
1 EACH VIAL : CEFEPIME HCL 1 GM IJ SOLR,10132,1499,,
DEXT 5%-NACL 0.9% 1000 ML LVP,934,1499,dextrose-5,iv-sugar
LACTATED RINGERS IV SOLN BOLUS,525,1498,lactated-ringers,lactated-ringers
ondansetron (PF) (ZOFRAN) injection 4 mg,33598,1498,,
MAGNESIUM SULFATE 2GM/50ML,610,1490,,
1 ML VIAL : MORPHINE 5 MG/ML INJ SOLN,1694,1488,morphine,opioid
ceFAZolin 1 g powder for Inj,3976,1488,,
1 ml crtrdg-ndl : lorazepam 2 mg/ml ij soln,4846,1487,,
1000 ML FLEX CONT : DEXTROSE-NACL 5-0.45 % IV SOLN,936,1486,dextrose-045,iv-sugar
COZAAR,9829,1485,,
INSULIN LANTUS (PER UNIT),22025,1485,insulin,insulin
BISACODYL 5 MG PO TBEC,1301,1484,,
1 ML CRTRDG-NDL : HYDROMORPHONE HCL PF 1 MG/ML IJ SOLN,1695,1481,,
ASPIRIN 325 MG EC TAB,1820,1481,,
GLUCAGON INJ,19078,1480,glucagon,glucagon
senna (SENOKOT) 1 Tab,1289,1480,,
PROMETHAZINE HCL,12014,1479,,
ASPIRIN (CHEWABLE),1820,1475,,
NOREPINEPHRINE 4 MG/250 ML NS,2051,1475,norepinephrine,
VANCOMYCIN 1.5 GM IN NS 250 ML IVPB (REPACKAGE),10093,1475,,
5 ML VIAL : DILTIAZEM HCL 25 MG/5ML IV SOLN,182,1474,,
HEPARIN SOD (PORCINE),33442,1474,,
Potassium Chloride 20mEq/100ml SSO,549,1470,,
KEPPRA,20952,1468,,
LEVOFLOXACIN,12384,1468,,
EPINEPHrine 8 MG in 250 mL NS,36437,1466,epinephrine,adrenergic-agent
HEPARIN  FLUSH 10 UNIT/ML,33314,1464,,
SODIUM CHLORIDE 0.9%SOLP (1000 ML),8255,1464,,
WARFARIN SODIUM 3 MG PO TABS,2812,1464,,
THIAMINE HCL,1075,1463,,
polyethylene glycol 3350 (MIRALAX) oral powder 17 g,22819,1458,,
1000 ML  -  KCL IN DEXTROSE-NACL 20-5-0.45 MEQ/L-%-% IV SOLN,14778,1456,dextrose-045,iv-sugar
"INSULIN REGULAR, HUMAN",768,1452,insulin,insulin
PREDNISONE 5 MG PO TABS,2879,1452,,
DEXT 5%-NACL 0.45%-KCL 20MEQ LVP,14778,1450,dextrose-5,iv-sugar
HYDROmorphone,34805,1447,,
LORazepam INJ,4846,1446,,
NYSTATIN,4129,1446,,
MEROPENEM 1 G IV SOLR,11254,1445,,
DEXTROSE 40 % ORAL GEL,807,1444,dextrose-40,iv-sugar
HYDROCHLOROTHIAZIDE,3649,1444,,
ALBUTEROL 0.083%,2073,1441,,
LABETALOL HCL 5 MG/ML IV SOLN,2095,1435,,
PNEUMOCOCCAL 23-VALPS VACCINE 25 MCG/0.5 ML INJ INJ,4212,1435,,
POTASSIUM CHLORIDE IN NACL 40 MEQ IN 250 ML (PREMIX),14772,1435,,
5 ML VIAL: METOPROLOL TARTRATE 1 MG/ML IV SOLN,2102,1434,,
100 ML  -  PROPOFOL 10 MG/ML IV EMUL,4842,1431,,
LISINOPRIL 2.5 MG PO TABS,132,1429,,
250 ML PLAS CONT: FAT EMULSION 20 % IV EMUL,2749,1422,,
FUROSEMIDE 20 MG TAB,3660,1422,,
NORCO 5/325 TAB,1730,1421,,
nitroglycerin (NITROSTAT) SL tablet 0.4 mg,159,1420,,
SODIUM CHLORIDE 0.9% 100 ML PB,8255,1420,,
.5 ML VIAL : PNEUMOCOCCAL VAC POLYVALENT 25 MCG/0.5ML IJ INJ,4212,1418,,
NEXTERONE,37678,1418,,
levetiracetam,20952,1415,,
ALBUTEROL/IPRATROPIUM NEB 3ML,9040,1413,,
GLUCAGON (HUMAN RECOMBINANT) 1 MG INJ RECON SOLN,19078,1412,glucagon,glucagon
1000 ML FLEX CONT: LACTATED RINGERS IV SOLN,525,1409,lactated-ringers,lactated-ringers
NICODERM CQ,6249,1408,,
lactulose,1396,1407,,
MAGNESIUM SULF 2 G IN D5W 50ML PREMIX,610,1405,,
TRAMADOL HCL,8317,1404,,
TRAZODONE  50 MG ORAL TAB,1652,1404,,
TACROLIMUS,20974,1401,,
"LACTATED RINGER'S 1,000 ML BAG.",525,1400,lactated-ringers,lactated-ringers
WARFARIN SODIUM 7.5 MG PO TABS,2812,1400,,
NOREPINEPHRINE 4 MG/250 ML NS INFUSION (STD CON'C) (REPACKAGE),36346,1399,norepinephrine,
FOLIC ACID 5 MG/ML INJECTION 10 ML VIAL,1062,1395,,
CLONAZEPAM,1894,1394,,
MULTIVITAMINS,1099,1393,,
"MVI, ADULT NO.4 WITH VIT K 3300 UNIT-150 MCG/10 ML IV 10 ML VIAL",38448,1393,,
LACTATED RINGERS IV SOLN,525,1392,lactated-ringers,lactated-ringers
1 ML VIAL : HEPARIN SODIUM (PORCINE) 1000 UNIT/ML IJ SOLN,2810,1391,,
DIPHENHYDRAMINE HCL 50 MG/ML IJ SOLN,4480,1390,,
SODIUM CHLORIDE 0.9% 500 ML BAG,8255,1389,,
GLUCAGON (HUMAN RECOMBINANT) 1 MG/ML SOLUTION FOR INJECTION,19078,1386,glucagon,glucagon
LIDOCAINE 5 % TOP PTMD,10705,1386,,
Furosemide 10mg/ml SSO,3660,1385,,
5 ML VIAL : SODIUM PHOSPHATE 3 MMOLE/ML IV SOLN,540,1383,,
CALCIUM GLUCONATE 100 MG/ML (10 %) IV : 10 ML,585,1383,,
"10 ML VIAL : HEPARIN (PORCINE) 1,000 UNIT/ML INJ SOLN",2810,1381,,
FAMOTIDINE (PF) 20 MG/2 ML IV SOLN,35085,1380,,
AZITHROMYCIN 500 MG IV SOLR,6334,1379,,
PERCOCET 5MG/325MG,1741,1377,,
PNEUMOCOCCAL VAC POLYVALENT 25 MCG/0.5ML IJ INJ,4212,1375,,
GLUTOSE 15,807,1374,sugar-gel,nutrition-sugar
MIDODRINE HCL 5 MG PO TABS,15908,1372,,
2.5 ML PLAS : IPRATROPIUM BROMIDE 0.02 % IN SOLN,57,1369,,
HYDROCORTISONE SOD SUCCINATE,2866,1369,hydrocortisone,glucocorticoid
GABAPENTIN 100 MG PO CAPS,8831,1367,,
succinylcholine,1948,1366,,
albuterol neb,2073,1363,,
GLUCOSE 40%,807,1362,sugar-gel,nutrition-sugar
PREDNISONE 20 MG TABLET,2879,1362,,
VERSED,10329,1362,,
CEPHULAC,1396,1360,,
METOPROLOL TARTRATE 5 MG/5 ML IV SOLN,2102,1356,,
POTASSIUM CHLORIDE 2 MEQ/ML IV SOLN : 20 ML VIAL,549,1356,,
Lactated Ringers Injection,525,1355,lactated-ringers,lactated-ringers
ALPRAZolam,1617,1353,,
MEROPENEM 500 MG IV SOLR,11254,1350,,
ePHEDrine,2084,1349,,
1000 ML FLEX CONT : SODIUM CHLORIDE 0.45 % IV SOLN,8254,1347,,
polyethylene glycol,22819,1347,,
10 ML VIAL : CALCIUM CHLORIDE 10 % IV SOLN,582,1343,,
fentaNYL CITRATE INJ,6438,1340,fentanyl,opioid
ASPIRIN 81 MG CHEWABLE TABLET,1820,1336,,
LORAZEPAM INJ,4846,1336,,
NITROGLYCERIN 50 mg in D5W 250 mL R,5888,1336,,
100 ML GLASS CONT : IOPAMIDOL 76 % IV SOLN,150,1335,,
NOREPINEPHRINE BITARTRATE 1 MG/ML IV : 4 ML,2051,1335,norepinephrine,
ONDANSETRON HCL 2 MG/ML INJ SOLN,33598,1335,,
30 ML  -  LACTULOSE 10 GM/15ML PO SOLN,1396,1334,,
DEXTROSE 5%-1/2 NORMAL SALINE IV : 1000 ML BAG,936,1334,dextrose-5,iv-sugar
HYDROCODONE/APAP 5MG/325MG,1730,1334,,
POTASSIUM CHLORIDE SA,549,1334,,
INSULIN-REGULAR (HUMAN) *UNIT* INJ,768,1331,insulin,insulin
AMBIEN,7842,1330,,
CEFTRIAXONE SODIUM 1 G IJ SOLR,3996,1329,,
1 ML VIAL: DIPHENHYDRAMINE HCL 50 MG/ML IJ SOLN,4480,1327,,
DIGOXIN 125 MCG PO TABS,4,1325,,
MAG/ALUM HYDROXIDE W/SIMETH,1168,1325,,
"Lactated Ringers Injection 1,000 mL",525,1324,lactated-ringers,lactated-ringers
metoCLOPRAMIDE 5 MG/1ML 2ML SDV INJ,2148,1324,,
WARFARIN - PHYSICIAN MONITORED,1694,1324,,
MIDAZOLAM 1 MG/1 ML 2ML MDV INJ,1619,1323,,
Dextrose 50% in Water,926,1322,dextrose-50,nutrition-sugar
METOCLOPRAMIDE HCL 10 MG PO TABS,2148,1320,,
glucagon hcl (rdna) 1 mg ij solr,19078,1317,glucagon,glucagon
50 ML VIAL : DEXTROSE 50 % IV SOLN,926,1316,,
SODIUM CHLORIDE 0.9 % IV : 250 ML,8255,1315,,
2 ML VIAL: MIDAZOLAM HCL 2 MG/2ML IJ SOLN,1619,1314,,
50 ml : potassium chloride 20 meq/50ml iv soln,549,1311,,
GUAIFENESIN ER 600 MG PO TB12,271,1311,,
Levemir,26407,1311,,
HYDROmorphone (DILAUDID) 1 MG/ML inj 0.5 mg,1695,1309,,
NORMAL SALINE 0.9%,8255,1308,,
ALLOPURINOL,1100,1307,,
DIGOXIN 0.25 MG/1 ML 2 ML INJ,4,1306,,
50 ML FLEX CONT : MAGNESIUM SULFATE 2 GRAM/50 ML (4 %) IV PGBK,610,1303,,
CETIRIZINE 10 MG ORAL TAB,6544,1303,,
IPRAtropium 0.5 MG/2.5ML UD INH SOLN,57,1303,,
KAYEXALATE,13209,1301,,
MIDAZOLAM 100 MG/100 ML NS,1619,1301,,
AZITHromycin 500 mg in NS 250 mL IV,6334,1298,,
HALOPERIDOL,1661,1297,,
PROMETHAZINE HCL 25 MG/ML IJ SOLN,12014,1297,,
FAMOTIDINE (PF),4521,1294,,
VANCOCIN,8466,1293,,
Xanax,1617,1293,,
15 ml vial : sodium phosphate 3 mmole/ml iv soln,540,1292,,
flumazenil,6319,1291,,
Heparin (Porcine) in 1/2 NS,2810,1290,,
BUMETANIDE 0.25 MG/1ML 4ML SDV INJ,3664,1289,,
PHENERGAN,12014,1286,,
CHLORHEXIDINE GLUCONATE 0.12 % MOUTHWASH : 15 ML CUP,4297,1285,,
metoclopramide,2148,1284,,
ASPIRIN CHEWABLE,1820,1283,,
ASSESS PNEUMOCOCCAL VACCINE,4212,1283,,
DEXMEDETOMIDINE HCL IN NACL 400 MCG/100ML IV SOLN,20971,1283,,
nafcillin,3957,1283,,
50 ML SYRINGE : SODIUM BICARBONATE 8.4 % IV SOLN,523,1282,,
PROPOFOL IV EMULSION 10 MG/ML VIAL,4842,1282,,
20 ML  -  POTASSIUM CHLORIDE 2 MEQ/ML IV SOLN,549,1281,,
SODIUM BICARBONATE 8.4 % (1 MEQ/ML) IV SYRINGE : 50 ML SYRINGE,523,1279,,
OXYCODONE-ACETAMIN 5-325 MG,1741,1277,oxycodone,opioid
1000 ML BAG : LACTATED RINGERS IV SOLP,525,1274,,
CARVEdilol 3.125 MG TAB,13795,1274,,
midazolam (VERSED) 2 MG/2ML inj 1 mg,1619,1272,,
POTASSIUM CHLORIDE IN NACL 20-0.9 MEQ/L-% IV SOLN,14772,1271,,
POTASSIUM CHLORIDE TAB,549,1271,,
Reglan,2148,1271,,
1 ML  : HYDROMORPHONE HCL PF 2 MG/ML IJ SOLN,34805,1270,,
warfarin sodium (COUMADIN) tab 5 mg,2812,1270,,
NITROGLYCERIN 50MG/D5W 250ML BTL,5888,1269,,
PULMICORT RESPULE,6545,1269,,
LEVOFLOXACIN IN D5W 500 MG/100ML IV SOLN,12383,1268,,
dextrose 50 % in water (D50W) injection 15 mL,926,1267,dextrose-50,iv-sugar
HYDROMORPHONE HCL,1695,1266,,
500 ml : sodium chloride 0.9 % iv soln,8255,1265,,
KCL IN DEXTROSE-NACL 20-5-0.45 MEQ/L-%-% IV SOLN,14778,1265,dextrose-045,
ASPIRIN EC 325 MG PO TBEC,1820,1264,,
LIDOCAINE HCL 1%,1478,1264,,
AMLODIPINE 5 MG TABLET,6494,1260,,
POTASSIUM PHOSPHATE,551,1260,,
DEXAMETHASONE 4 MG PO TABS,2889,1259,,
DEXTROSE 5 % IV SOLN,915,1258,dextrose-5,iv-sugar
METOPROLOL SUCCINATE ER 50 MG PO TB24,6323,1258,,
POTASSIUM CHLORIDE 20 MEQ/50ML IV SOLN,549,1258,,
ATROPINE SULFATE SYRINGE,2004,1257,,
HYDROCHLOROTHIAZIDE 25 MG PO TABS,3649,1256,,
VASOPRESSIN 60 UNITS in 100 mL NS,2839,1256,antidiuretic,
Lipitor,12404,1254,,
POTASSIUM AND SODIUM PHOSPHATE,37356,1253,,
ALBUMIN HUMAN 5 % IV SOLP,2728,1250,,
GABAPENTIN 300 MG CAP,8831,1250,,
Ambien,7842,1248,,
LIDOCAINE HCL 1%,33592,1246,,
magnesium sulfate in D5W,6306,1246,,
SODIUM CHLORIDE,538,1244,,
MIDAZOLAM HCL 2 MG/2ML INJ SOLN (RANGE) PRN,1619,1243,,
SIMVASTATIN 20 MG PO TABS,6312,1242,,
ATENOLOL,2104,1241,,
VANCOMYCIN 1.25 G/250 ML NS,8466,1241,,
aspirin 81 mg po chew,1820,1239,,
ACETAMINOPHEN  650 MG RECT SUPP,1866,1238,,
ACETAMINOPHEN 650 MG RECTAL SUPPOSITORY,1866,1237,,
POTASSIUM CHLORIDE TAB CR,549,1235,,
ACETAMINOPHEN 325 MG RECTAL SUPPOSITORY,1866,1233,,
LISINOPRIL 5 MG TAB,132,1233,,
CARVEDILOL 25 MG PO TABS,13795,1229,,
FLOMAX,13864,1229,,
MORPHINE INJECTION ORDERABLE,1694,1228,morphine,opioid
ESOMEPRAZOLE INJ,25968,1227,,
KETOROLAC 30 MG/ML 1ML SDV INJ,5175,1227,,
AMIODARONE 150 MG in 100 mL D5W,83,1225,,
NOREPINEPHRINE BITARTRATE 1 MG/ML AMP,2051,1225,norepinephrine,
Plavix,17539,1225,,
KETOROLAC,5175,1224,,
THIAMINE HCL 100 MG/ML IJ SOLN,1075,1224,,
magnesium chloride,607,1221,,
METFORMIN HCL 500 MG PO TABS,4763,1219,,
ALPRAZOLAM 0.5 MG PO TABS,1617,1217,,
ACETAMINOPHEN 10 MG/ML 100 ML VIAL,1866,1216,,
LEVAQUIN,12384,1216,,
MAGNESIUM OXIDE 400 MG ORAL TAB,609,1215,,
PROPOFOL 1000 MG/100 ML,4842,1214,,
fentaNYL inj 25 mcg,25386,1213,fentanyl,opioid
furosemide (LASIX) tablet 40 mg,3660,1212,,
TRANDATE,2095,1212,,
ADVAIR DISKUS,19963,1210,,
potassium chloride 20 mEq in 50 mL IVPB (central line),549,1209,,
KCL 20 MEQ/100ML STERILE WATER BAG,549,1207,,
METHYLPREDNISOLONE SODIUM SUCC 40 MG IJ SOLR,2876,1207,,
SODIUM CHLORIDE 0.9 % IV 250 ML BAG,8255,1206,,
HEPARIN/DEXTROSE 5% 25000 UNITS/250 ML BAG,2810,1205,,
DEXAMETHASONE,2888,1204,,
MORPHINE SULFATE (PF) 4 MG/ML IV SOLN,1694,1203,morphine,opioid
WARFARIN SODIUM 4 MG PO TABS,2812,1203,,
TRAZODONE HCL 50 MG PO TABS,1652,1199,,
AMLODIPINE,6494,1198,,
potassium CHLORide liquid 20 mEq,549,1198,,
ondansetron HCl (PF) (ZOFRAN) injection 4 mg,33598,1193,,
acetaminophen (TYLENOL) tab 975 mg,1866,1192,,
HEPARIN (PORCINE)  1000 UNIT/ML INJ SOLN,2810,1192,,
ATORVASTATIN 40 MG TAB,12404,1189,,
2 ML : FUROSEMIDE 10 MG/ML IJ SOLN,3660,1188,,
BISACODYL 5 MG EC TAB,1301,1186,,
Bumex,3664,1186,,
LEVOTHYROXINE SODIUM 100 MCG PO TABS,2849,1186,,
AMIODARONE 450 MG/250 ML D5W INFUSION (STD CON'C) (REPACKAGE),17793,1185,,
Ondansetron 2mg/ml  SSO,6055,1181,,
DEFINITY,22868,1180,,
FAMOTIDINE 20 MG TABLET,4521,1180,,
ZESTRIL,132,1179,,
ACETAMINOPHEN  500 MG ORAL TAB,1866,1175,,
LORazepam (ATIVAN) inj 1 mg,4846,1175,,
LEVOFLOXACIN 750 MG PO TABS,12384,1171,,
LISINOPRIL 20 MG TAB,132,1170,,
DILTIAZEM HCL 30 MG PO TABS,182,1168,,
FUROSEMIDE 40 MG/4ML INJ SOLN,3660,1168,,
POTASSIUM CHLORIDE 20 MEQ/15ML (10%) PO LIQD,549,1168,,
ALBUTEROL SULFATE 2.5 MG/3 ML (0.083 %) NEB SOLUTION 3 ML BLIST PACK,2073,1167,,
"heparin (porcine) injection 5,000 Units",2810,1167,,
IOHEXOL 350 MG IODINE/ML IV SOLN,151,1167,,
LEVOTHYROXINE SODIUM 50 MCG PO TABS,2849,1165,,
MAGNESIUM HYDROXIDE 400 MG/5 ML ORAL SUSPENSION,1329,1165,,
Acetaminophen TAB,1866,1164,,
POTASSIUM AND SODIUM PHOSPHATE,34106,1164,,
cefepime in D5W (MAXIPIME) ivpb 1 g,10132,1163,,
METRONIDAZOLE 500 MG/100 ML,8259,1159,,
LABETALOL 5 MG/ML IV 20 ML VIAL,2095,1158,,
TOPROL XL,6323,1158,,
BISACODYL SUPP,1301,1157,,
POTASSIUM PHOSPHATE DIBASIC 3 MMOLE/ML IV : 15 ML VIAL,551,1156,,
cloNIDine,113,1155,,
Haldol,1661,1154,,
Glucose Gel,807,1153,sugar-gel,nutrition-sugar
MORPHINE 2 MG/ML SYRINGE : 1 ML SYRINGE,1694,1153,morphine,opioid
PANTOPRAZOLE 40 MG in 100 mL NS,22008,1153,,
DEXTROSE 50% ADULT,926,1149,dextrose-50,nutrition-sugar
ALBUTEROL 2.5 MG/0.5ML UD INH SOLN,2073,1148,,
INFUVITE IV INJ 10ML,38448,1146,,
FLAGYL,8259,1145,,
PRMX NOREPInephrine 4 mg/250 mL NS Drip,36346,1145,,
senna-docusate,21772,1145,,
HEPARIN SODIUM LOCK FLUSH 10 UNIT/ML IV SOLN,33314,1144,,
5 ML  -  LEVETIRACETAM 500 MG/5ML IV SOLN,20952,1141,,
ACETAMINOPHEN TAB,1866,1140,,
chlorhexidine (PERIDEX) 0.12 % solution 15 mL,4297,1136,,
DEXAMETHASONE,2889,1134,,
MAGNESIUM HYDROXIDE 400 MG/5ML PO SUSP,1329,1134,,
"sodium chloride 0.9% (NS) bolus 1,000 mL",8255,1133,,
TAMSULOSIN 0.4 MG CAP,13864,1133,,
ATORVASTATIN 20 MG TAB,12404,1132,,
traMADol 50 MG TAB,8317,1131,,
zolpidem,7842,1131,,
ipratropium-albuterol (DUONEB) 0.5-2.5 mg/mL nebulizer solution 3 mL,9040,1130,,
CLONIDINE HCL,113,1128,,
VITAMIN D 1000 UNITS PO TABS,996,1128,,
1 EACH PACKAGE CUSTOM NDC : METOPROLOL TARTRATE 12.5 MG PO TABS (HALF-TAB),2102,1127,,
PRECEDEX,20971,1126,,
AMIODARONE 200 MG TABLET,83,1124,,
ATROPINE 0.1 MG/ML SYRINGE : 10 ML SYRINGE,2004,1124,,
FENTANYL 25 MCG/ML IV SOLN,1747,1122,fentanyl,opioid
50 ML FLEX CONT : MAGNESIUM SULFATE 40 MG/ML IJ SOLN,610,1121,,
ETOMIDATE,1554,1121,,
morphine sulfate (pf) inj 2 mg,1694,1121,morphine,opioid
TAMSULOSIN,13864,1121,,
famotidine 20 mg po tabs,4521,1117,,
bisacodyl (DULCOLAX) suppository 10 mg,1301,1116,,
CEFEPIME,10132,1116,,
MOTRIN,3723,1116,,
cefTRIAXone in D5W (ROCEPHIN) ivpb 1 g,3996,1115,,
FOLIC ACID 5 MG/ML IJ SOLN,1062,1115,,
NITRO-BID,159,1114,,
MORPHINE VARIABLE DOSE 2-4MG,1694,1112,morphine,opioid
FOLIC ACID 1 MG TAB,1062,1110,,
PNU-IMMUNE-23  25 MCG/0.5 ML INJ,4212,1110,,
1 ML : PROMETHAZINE 25 MG/ML INJ SOLN,12014,1109,,
AMINOCAPROIC ACID,2801,1109,,
LIDOCAINE HCL 2%,33592,1108,,
oxyCODONE-acetaminophen,1741,1107,oxycodone,opioid
Sodium Chloride 0.9% Syringe SSO,8255,1106,,
SODIUM CHL 0.9% FLUSHSYRG(10ML),8255,1105,,
albumin (human) (PLASBUMIN-5) 5% infusion 25 g,2728,1104,,
methylPREDNISolone,36808,1104,,
POTASSIUM CHLORIDE 40 MEQ/100ML IV SOLN,549,1104,,
DILAUDID,34805,1103,,
FAT EMULSION 20 % IV EMUL,2749,1103,,
metoprolol tartrate 25 mg po tabs,2102,1100,,
0.4 ml syringe : enoxaparin sodium 40 mg/0.4ml sc soln,7878,1098,,
CALCIUM CARBONATE,1163,1098,,
metoprolol (LOPRESSOR) tab 12.5 mg,2102,1096,,
CEFAZOLIN 2GM SYR,3976,1095,,
2 ML VIAL: FENTANYL CITRATE 0.05 MG/ML IJ SOLN,25386,1094,fentanyl,opioid
POTASSIUM CL IN WATER 20MEQ/50,549,1092,,
SALINE FLUSH,8255,1092,,
METOPROLOL TARTRATE 12.5 MG HALF TABLET,2102,1091,,
ROCURONIUM,8963,1091,,
30 ML  -  IOPAMIDOL 61 % IV SOLN,150,1090,,
MINERAL OIL RECT ENEM,1319,1088,,
PRMX dexmedetomidine 400mcg/100ml NS Drip,40230,1087,,
Maalox,1168,1086,,
ALTEPLASE 1 MG/2ML SYR,2803,1085,,
oxycodone-acetaminophen 5-325 mg po tabs,1741,1084,oxycodone,opioid
WARFARIN 5 MG TABLET,2812,1083,,
haloperidol lactate,1661,1082,,
POTASSIUM CHLORIDE INJ,549,1082,,
DEXTROSE-NACL 5-0.45 % IV SOLN,936,1081,dextrose-045,iv-sugar
furosemide (LASIX) tab 40 mg,3660,1078,,
Calcium Gluconate 10%  SSO,585,1077,,
CHLORHEXIDINE GLUCONATE 0.12 % MOUTH/THROAT SOLN MULTIDOSE,4297,1077,,
enoxaparin (LOVENOX) inj 40 mg,7878,1077,,
METOCLOPRAMIDE HCL  5 MG/ML INJ SOLN,2148,1077,,
1 EACH VIAL : CEFTRIAXONE SODIUM 1 G IJ SOLR,3996,1076,,
OXYCODONE/APAP 5MG/325MG,1741,1076,oxycodone,opioid
cloNIDine 0.1 MG TAB,113,1072,,
neostigmine,1988,1072,,
SIMETHICONE  80 MG ORAL CHEW TAB,1224,1070,,
250 ML PLAS CONT : NOREPINEPHRINE IN D5W 8 MG/250 ML,2051,1069,norepinephrine,adrenergic-agent
CALCIUM CARBONATE ANTACID 500 MG PO CHEW,1163,1068,,
IMDUR,6341,1068,,
Magnesium Sulfate 2g/50mL SSO,610,1068,,
MEPERIDINE 25 MG/1 ML 1 ML SYR,1687,1068,,
SERTRALINE HCL 50 MG PO TABS,6324,1068,,
"HEPARIN, PORCINE (PF) 10 UNIT/ML IV SYRINGE : 5 ML",33314,1066,,
ISOSORBIDE MONONITRATE ER 30 MG PO TB24,6341,1066,,
pantoprazole sodium 40 mg iv solr,22008,1066,,
1000 ML FLEX CONT: DEXTROSE-NACL 5-0.9 % IV SOLN,934,1065,dextrose-09,iv-sugar
5 ML VIAL : METOPROLOL TARTRATE 1 MG/ML IV SOLN,2102,1063,,
SIMVASTATIN 40 MG PO TABS,6312,1062,,
2 ml vial : famotidine 10 mg/ml iv soln,35085,1061,,
fentaNYL (PF) 50 MCG/1 ML 2 ML SYR,25386,1061,fentanyl,opioid
hePARIN subcutaneous,2810,1060,,
vancomycin in D5W (VANCOCIN) ivpb 1 g,8466,1058,,
100 ML GLASS CONT : IOPAMIDOL 61 % IV SOLN,150,1056,,
10 ML VIAL: INFUVITE IV INJ,26696,1055,,
MERREM,11254,1055,,
nitroglycerin (NITROSTAT) sl tab 0.4 mg,159,1055,,
CEFAZOLIN 2 G/100 ML NS,3976,1052,,
ONDANSETRON HCL 4 MG TABLET,6055,1052,,
AZITHROMYCIN,6334,1051,,
LIDOCAINE HCL 2%,1478,1050,,
acetaminophen-oxyCODONE 325 mg-5 mg oral tablet,1741,1049,,
COMPAZINE,1629,1049,,
INSULIN DETEMIR 100 UNIT/ML SUB-Q 10 ML VIAL,26407,1049,insulin,insulin
docusate sodium (COLACE) capsule 100 mg,1326,1047,,
LORATADINE 10 MG PO TABS,7605,1047,,
VANCOMYCIN 1.5 G/500 ML NS,8466,1047,,
CIPROFLOXACIN IN D5W 400 MG/200ML IV SOLN,6071,1045,,
HYDRALAZINE HCL 20 MG/ML INJ SOLN (RANGE) PRN,89,1045,,
1000 ML  -  POTASSIUM CHLORIDE IN NACL 20-0.9 MEQ/L-% IV SOLN,25281,1043,,
ASCORBIC ACID 500 MG TAB,994,1043,,
SENNOSIDES-DOCUSATE SODIUM 8.6-50 MG ORAL TAB,21772,1043,,
PRAVASTATIN SODIUM 40 MG PO TABS,6227,1041,,
PHENYLEPHRINE,2087,1040,,
500 ML : HEPARIN (PORCINE) IN D5W 50-5 UNIT/ML-% IV SOLN,2808,1039,,
"0.9%NaCl 1,000 mL",8255,1038,,
alteplase (CATHFLO ACTIVASE) inj 2 mg,2803,1038,,
150 ML FLEX CONT : LEVOFLOXACIN IN D5W 5 MG/ML IV SOLN,12383,1037,,
famotidine (PEPCID) tablet 20 mg,4521,1037,,
METOPROLOL INJ,2102,1036,,
IOPAMIDOL,150,1035,,
sennosides (SENOKOT) oral syrup 10 mL,1289,1034,,
10 ml vial : calcium gluconate 10 % iv soln,585,1033,,
Furosemide,3660,1033,,
furosemide (LASIX) 10 mg/mL injection 40 mg,3660,1033,,
NEOSTIGMINE METHYLSULFATE,1988,1031,,
KCL 10 MEQ/100 ML,549,1030,,
ipratropium,57,1029,,
MIDAZOLAM 100 MG in 100 ML NS,24523,1027,,
dextrose,929,1026,dextrose,nutrition-sugar
MEPERIDINE HCL,33243,1026,,
AMIODARONE HCL 150 MG/3ML IV SOLN,83,1024,,
ALBUTEROL 0.5% NEB,2073,1023,,
ATORVASTATIN 40 MG TABLET,12404,1023,,
CITALOPRAM,10321,1023,,
FERROUS SULFATE 325 MG TAB,739,1023,,
clonazePAM,1894,1021,,
dextrose 50 % injection 50 mL,926,1021,dextrose-50,iv-sugar
ZOSYN 3.375 GRAM INJ,8738,1021,,
LIDOCAINE 1%,1478,1020,,
K PHOS MONO-SOD PHOS DI & MONO 155-852-130 MG PO TABS,34106,1018,,
METRONIDAZOLE 500 MG PO TABS,4157,1014,,
pantoprazole (PROTONIX) tablet 40 mg,22008,1014,,
CALCIUM CARBONATE 500 MG CHEW TAB,581,1010,,
furosemide (LASIX) injection 20 mg,3660,1005,,
PIPERACILLIN-TAZOBACTAM 3.375 G IVPB,32900,1005,,
atropine injection 0.5 mg,2004,1004,,
dextrose 50 % (D50W) syringe,926,1004,dextrose-50,iv-sugar
insulin glargine,22025,1003,insulin,insulin
TICAGRELOR 90 MG PO TABS,37328,1003,,
KCL 40 MEQ/100ML STERILE WATER BAG,549,1001,,
METOCLOPRAMIDE HCL 5 MG/ML IJ SOLN,2148,1000,,
MAGNESIUM SULFATE 50 % IJ SOLN 2ML,610,999,,
PROCHLORPERAZINE MALEATE 10 MG PO TABS,1629,999,,
KLONOPIN,1894,996,,
FUROSEMIDE 80 MG PO TABS,3660,995,,
amiodarone bolus,37678,994,,
fentaNYL CITRATE INJ,25386,993,fentanyl,opioid
HALOPERIDOL,1662,993,,
LEVOTHYROXINE SODIUM 75 MCG PO TABS,2849,993,,
SODIUM CHLORIDE 0.45%,8254,989,,
hydrALAZINE INJ,89,988,,
1 ML VIAL : DIPHENHYDRAMINE HCL 50 MG/ML IJ SOLN,4480,987,,
Solu-MEDROL (PF),36808,987,,
ALBUMIN HUMAN 5 % IV SOLN,2728,984,,
ENOXAPARIN 30 MG/0.3 ML SYR,7878,984,,
CEFEPIME HCL 2 G IJ SOLR,10132,979,,
LACTULOSE 20 GRAM/30 ML ORAL SOLN,1396,976,,
TRANSDERM-SCOP,12306,976,,
dexamethasone,2888,975,,
PREDNISONE 50 MG PO TABS,2879,973,,
5 ML VIAL : MIDAZOLAM HCL 1 MG/ML IJ SOLN,1619,968,,
100 ML FLEX CONT : ALBUMIN HUMAN 25 % IV SOLN,2728,965,,
LEVOFLOXACIN 500 MG PO TABS,12384,965,,
ECOTRIN,1820,959,,
ONDANSETRON 4mg/2ml INJ,33598,959,,
ALBUTEROL NEB 2.5 MG/3 ML,2073,957,,
2 ML  -  DIGOXIN 0.25 MG/ML IJ SOLN,4,956,,
PROPOFOL 1000 MG/100 ML (PMX),4842,956,,
"HEPARIN 1,000 UNIT/ML",2810,955,,
LEVOTHYROXINE SODIUM 25 MCG PO TABS,2849,952,,
ALLOPURINOL 100 MG PO TABS,1100,946,,
CLONAZEPAM 0.5 MG PO TABS,1894,944,,
piperacillin-tazobactam,32900,944,,
NITROGLYCERIN SL,159,941,,
ENOXAPARIN 40 MG/0.4 ML SUB-Q SYRINGE .4 ML SYRINGE,7878,940,,
BACITRACIN,4047,934,,
HYDROCORTISONE NA SUCCINATE PF 100 MG IJ SOLR,36875,930,hydrocortisone,glucocorticoid
DEXMEDETOMIDINE HCL IN NACL 400 MCG/100ML IV SOLN,40230,923,,
PROCHLORPERAZINE MALEATE 5 MG PO TABS,1629,915,,
LIDOCAINE 10 MG/ML (1 %) INJECTION 20 ML VIAL,1478,908,,
HYDROMORPHONE INJ,1695,903,,
10 ML  -  ATROPINE SULFATE 0.1 MG/ML IJ SOLN,2004,898,,
nitroGLYCERIN,159,896,,
HALOPERIDOL LACTATE INJ,1661,892,,
Midazolam,10329,890,,
100 ML  -  METRONIDAZOLE IN NACL 5-0.79 MG/ML-% IV SOLN,8259,885,,
METHYLPREDNISOLONE,2876,885,,
POTASSIUM CHLORIDE 20 MEQ/50 ML IV PIGGY BACK 50 ML BAG,549,884,,
20 ML VIAL : POTASSIUM CHLORIDE 2 MEQ/ML IV SOLN,549,876,,
10 ML  -  NICARDIPINE HCL 2.5 MG/ML IV SOLN,183,865,,
100 ML NDC : DEXMEDETOMIDINE HCL IN NACL 400 MCG/100ML IV SOLN,40230,846,,
PHENYLEPHRINE 10 MG/250 ML NS,2087,838,,
HumaLOG,18084,837,insulin,insulin
ePHEDrine,35516,836,,
clindamycin,4045,830,,
Decadron,2888,830,,
Propofol,4842,821,,
MULTIVITAMIN,1098,820,,
MAGNESIUM SULFATE,610,814,,
POTASSIUM CHLORIDE 40 MEQ/100 ML IV PIGGY BACK 100 ML BAG,549,799,,
VITAMINS/MINERALS PO TABS,1096,796,,
"PROPOFOL IV EMULSION 1,000 MG/100 ML VIAL",4842,792,,
LORazepam,18084,770,,
0.5 ML - INFLUENZA VAC SPLIT QUAD 0.5 ML IM SUSP,40567,769,,
MULTIVITAMINS,35344,760,,
TACROLIMUS 1 MG PO CAPS,20974,758,,
fentaNYL,6438,751,fentanyl,opioid
Heparin,2810,748,,
Parenteral Nutrition,2749,741,parenteral,nutrition-parenteral
CALCIUM CARBONATE ANTACID 500 MG PO CHEW,581,726,,
Solu-MEDROL (PF),2876,715,,
metroNIDAZOLE,4157,714,,
Flagyl,8259,702,,
ceFAZolin,25040,679,,
NICOTINE 21 MG/24HR TD PT24,6249,673,,
Levaquin,12383,666,,
K PHOS MONO-SOD PHOS DI & MONO 155-852-130 MG PO TABS,551,661,,
DEXMEDETOMIDINE HCL IN NACL 200 MCG/50ML IV SOLN,20971,652,,
MIDAZOLAM INJ,1619,647,,
TACROLIMUS 1 MG PO CAPS,8974,641,,
Versed,1619,630,,
cefTRIAXone,33094,629,,
HYDROCORTISONE SOD SUCCINATE 100 MG IJ SOLR,2866,622,hydrocortisone,glucocorticoid
ASPIRIN 300 MG RE SUPP,1820,594,,
famotidine,35107,594,,
MIDAZOLAM INJ,34908,586,,
DECADRON,2889,583,,
metroNIDAZOLE,8259,583,,
20.3 ML CUP : ACETAMINOPHEN 160 MG/5ML PO SOLN,1866,567,,
VENTOLIN 2.5MG/0.5ML,2073,567,,
HALDOL,1662,559,,
FLAGYL,4157,550,,
COMPAZINE,1628,537,,
HYDROCORTISONE NA SUCCINATE PF 100 MG IJ SOLR,2866,527,hydrocortisone,glucocorticoid
VENTOLIN 2.5MG/0.5ML,2074,515,,
TIOTROPIUM BROMIDE MONOHYDRATE 18 MCG IN CAPS,24024,498,,
heparin (porcine),2808,491,,
methylPREDNISolone sod suc(PF),36808,489,,
3 ML SYRINGE CUSTOM NDC : ANTICOAGULANT SODIUM CITRATE 4 % VI SOLN,537,485,,
Levaquin,12384,480,,
INSULIN REG 100 UNITS/100 ML,768,469,insulin,insulin
PROPOFOL 10 MG/ML,4842,469,,
LIDOCAINE HCL 1%,13748,465,,
ondansetron,19058,459,,
heparin,33314,456,,
dexmedetomidine,20971,453,,
10 ML  -  POTASSIUM CHLORIDE 2 MEQ/ML IV SOLN,549,451,,
sodium chloride,538,439,,
HYDROCORTISONE SOD SUCCINATE 100 MG IJ SOLR,36875,438,hydrocortisone,glucocorticoid
Heparin (Porcine) in 1/2 NS,8643,434,,
DOCUSATE SODIUM 50 MG/5ML PO LIQD,1326,429,,
ROCEPHIN,33094,420,,
LIDOCAINE 5 % EX PTCH,10705,413,,
Ondansetron,19058,395,,
Heparin,33442,380,,
fentaNYL,22724,379,fentanyl,opioid
DEXMEDETOMIDINE HCL IN NACL 200 MCG/50ML IV SOLN,40230,369,,
nitroGLYCERIN,5888,368,,
SODIUM CHLORIDE FLUSH,8255,356,,
MULTIVITAMIN,1099,341,,
ENOXAPARIN SODIUM 40 MG/0.4ML SC SOLN,7878,337,,
Flagyl,4157,323,,
levETIRAcetam,38373,323,,
ENOXAPARIN SODIUM 30 MG/0.3ML SC SOLN,7878,321,,
Heparin,33314,321,,
1 ML VIAL : HEPARIN SODIUM (PORCINE) 1000 UNIT/ML IJ SOLN,8643,317,,
fentaNYL,1747,314,fentanyl,opioid
diphenhydrAMINE,3467,311,,
CALCIUM CARBONATE,581,308,,
lidocaine,1478,301,,
PEPCID,18084,294,,
METHYLPREDNISOLONE,2877,292,,
HumaLOG,11528,291,insulin,insulin
heparin (porcine),18084,282,,
LIDOCAINE 1% PF,10705,280,,
150 ml flex cont : sodium chloride 0.9 % iv soln,8255,270,,
FENTANYL 2000 MCG/100 ML NS,22724,267,fentanyl,opioid
HYDROMORPHONE,34805,263,,
METHYLPREDNISOLONE SOD SUCC,36808,263,,
ondansetron,6055,257,,
ONDANSETRON,6055,257,,
clindamycin,4704,255,,
Sodium Chloride 0.9%,4285,255,,
"VANCOMYCIN 1,000 MG IV SOLUTION : 1 EACH VIAL",8466,255,,
dexamethasone,2889,250,,
nitroglycerin,5888,246,,
methylPREDNISolone,2877,239,,
FLUTICASONE-SALMETEROL 250-50 MCG/DOSE IN AEPB,19963,231,,
metoprolol,6323,229,,
Sodium Chloride 0.9%,187,226,,
DILAUDID,22708,224,,
methylPREDNISolone,2876,214,,
HYDROmorphone,22708,202,,
Protonix,18084,185,,
5 ML SYRINGE : HEPARIN SODIUM LOCK FLUSH 10 UNIT/ML IV SOLN,33314,184,,
phenylephrine,35517,182,,
sodium chloride,8254,177,,
cloNIDine,36550,176,,
dextrose,915,174,dextrose,nutrition-sugar
ZOSYN,18084,166,,
famotidine,4851,165,,
ONDANSETRON HCL,6055,164,,
SODIUM CHLORIDE 0.9 % IV SOLN,4285,161,,
"HEPARIN 25,000 UNIT/500 ML D5W",2808,153,,
MIDAZOLAM HCL,34908,152,,
Decadron,2889,150,,
vancomycin,8466,149,,
ceFAZolin,26809,148,,
LIDOCAINE 1% PF,33592,138,,
lidocaine,10705,137,,
polyethylene glycol,34667,134,,
vancomycin,37442,131,,
ASPIRIN EC,18084,127,,
predniSONE,18084,112,,
Parenteral Nutrition,19849,109,parenteral,nutrition-parenteral
POTASSIUM & SODIUM PHOSPHATES 280-160-250 MG PO PACK,551,104,,
SODIUM CHLORIDE 0.9%,187,104,,
INSULIN ASPART 100 UNIT/ML SC SOLN,20769,102,insulin,insulin
dexamethasone,34381,97,,
MULTIVITAMINS,1095,92,,
1 ML : HEPARIN SODIUM (PORCINE) 5000 UNIT/ML IJ SOLN,8643,90,,
metoPROLOL,6323,88,,
QUEtiapine,4137,88,,
LIDOCAINE 1% PF,1478,87,,
Coumadin,18084,86,,
SODIUM CHLORIDE 0.9% 250 ML PB,538,86,,
Ondansetron,6055,85,,
MORPHINE SULFATE,25277,83,morphine,opioid
HYDROCORTISONE SOD SUCCINATE,36875,81,hydrocortisone,glucocorticoid
meTOPROLOL tartrate,18084,80,,
morphine,11265,76,morphine,opioid
Levaquin,18084,73,,
dextrose,807,69,dextrose,nutrition-sugar
Haldol,1662,65,,
Parenteral Nutrition,14944,65,parenteral,nutrition-parenteral
FENTANYL,6438,62,fentanyl,opioid
Parenteral Nutrition,10037,62,parenteral,nutrition-parenteral
SODIUM BICARBONATE 8.4%,18084,62,,
nalOXone,18084,61,,
1 ML  -  HEPARIN SODIUM (PORCINE) 5000 UNIT/ML IJ SOLN,2810,56,,
clindamycin,4044,56,,
LEVOFLOXACIN,12383,53,,
dextrose,918,52,dextrose,nutrition-sugar
lidocaine,33594,51,,
Zofran,19058,51,,
MIDAZOLAM,10329,50,,
NITROGLYCERIN,5888,48,,
ASPIRIN,18084,47,,
amiodarone,18084,46,,
SODIUM CHLORIDE 0.9 % IV SOLN,538,41,,
APRESOLINE,113,40,,
ONDANSETRON,19058,40,,
Parenteral Nutrition,18202,40,parenteral,nutrition-parenteral
PEPCID,35107,40,,
SUBLIMAZE,6438,40,,
HYDROCORTISONE SOD SUCCINATE 100 MG IJ SOLR,1694,38,hydrocortisone,glucocorticoid
Parenteral Nutrition,18205,38,parenteral,nutrition-parenteral
VANCOMYCIN,8466,38,,
Zofran,6055,36,,
Decadron,34381,34,,
morPHINe,25277,33,morphine,opioid
LIPITOR,33220,32,,
MULTIVITAMINS,38448,31,,
sodium chloride,8256,31,,
atropine,36086,30,,
DOPamine,2060,30,dopamine,
SODIUM CHLORIDE,8254,30,,
Parenteral Nutrition,18280,29,parenteral,nutrition-parenteral
enoxaparin,3960,28,,
MAGNESIUM SULFATE,6306,28,,
Parenteral Nutrition,19850,28,parenteral,nutrition-parenteral
sodium chloride,4285,28,,
dextrose,926,27,dextrose,nutrition-sugar
heparin (porcine),33314,27,,
sodium chloride,187,26,,
COZAAR,18084,25,,
DECADRON,38176,25,,
midazolam,1694,25,,
MULTIVITAMIN,38448,25,,
ONDANSETRON HCL INJ,6055,25,,
VANCOMYCIN HCL,8466,24,,
HEPARIN,33314,23,,
SOLU-MEDROL,36808,23,,
CALCIUM GLUCONATE 10%,37109,22,,
CLONIDINE HCL,36550,22,,
EPINEPHrine,34361,22,epinephrine,adrenergic-agent
ONDANSETRON (PF),33598,21,,
ALPRAZolam,18084,20,,
fentaNYL,3953,20,fentanyl,opioid
FENTANYL CITRATE,6438,20,fentanyl,opioid
8 G  -  ALBUTEROL SULFATE HFA 108 (90 BASE) MCG/ACT IN AERS,2073,18,,
BACITRACIN,6091,18,,
cefepime,37021,18,,
methylPREDNISolone,2875,18,,
FENTANYL CITRATE,22724,17,fentanyl,opioid
fentaNYL citrate (PF),18084,17,fentanyl,opioid
ONDANSETRON INJ,33598,17,,
SODIUM CHLORIDE,8256,17,,
FLOMAX,18084,16,,
LANOXIN,18084,16,,
MIDAZOLAM,34908,16,,
Parenteral Nutrition,8006,15,parenteral,nutrition-parenteral
Sodium Chloride 0.9%,538,15,,
SODIUM CHLORIDE 0.9%,538,15,,
amiodarone,37678,14,,
MORPHINE,25277,13,morphine,opioid
VANCOMYCIN,37442,13,,
FAMOTIDINE,35107,12,,
FERROUS SULFATE,20292,12,,
SODIUM CHLORIDE 0.9%,4285,12,,
HALOPERIDOL LACTATE,1662,11,,
levETIRAcetam,18084,11,,
POTASSIUM CHLORIDE,7844,11,,
SODIUM PHOSPHATE,1330,11,,
ceFAZolin,18084,10,,
FOLIC ACID,1049,10,,
NovoLOG Flexpen,2854,10,insulin,insulin
Sodium Chloride 0.9%,3794,10,,
ALBUTEROL SULFATE (5 MG/ML) 0.5% IN NEBU,2073,9,,
GLUCAGON HCL (RDNA) 1 MG IJ SOLR,1694,9,glucagon,glucagon
nalOXone,3318,9,,
cloNIDine,35805,8,,
FENTANYL CITRATE,1747,8,fentanyl,opioid
HALOPERIDOL LACTATE,18084,8,,
1 EACH VIAL : ALTEPLASE 2 MG IJ SOLR,2803,7,,
3.5 G  -  REFRESH P.M. OP OINT,2215,7,,
Heparin,8643,7,,
lidocaine,26726,7,,
morphine,25277,7,morphine,opioid
NaCl 0.9%,3794,7,,
NITROGLYCERIN,4377,7,,
oxyCODONE-acetaminophen,2854,7,oxycodone,opioid
POTASSIUM & SODIUM PHOSPHATES 280-160-250 MG PO PACK,18561,7,,
cefepime,35848,6,,
levetiracetam,38373,6,,
LIDOCAINE 1%,33592,6,,
Lopressor,6323,6,,
POLYETHYLENE GLYCOL,3792,6,,
POTASSIUM CHLORIDE,25281,6,,
SPIRONOLACTONE,34632,6,,
dexamethasone,38645,5,,
DEXTROSE 5 % IV SOLN,807,5,dextrose-5,iv-sugar
diltiazem,26810,5,,
fentaNYL CITRATE INJ,37768,5,fentanyl,opioid
HYDROMORPHONE INJ,34805,5,,
LABETALOL HCL,2854,5,,
methylPREDNISolone,2854,5,,
METHYLPREDNISOLONE,37537,5,,
MORPHINE SULFATE (PF) 2 MG/ML IV SOLN,25277,5,morphine,opioid
ONDANSETRON HCL 2 MG/ML INJ SOLN,6055,5,,
Parenteral Nutrition,35295,5,parenteral,nutrition-parenteral
potassium chloride,14772,5,,
azithromycin,2854,4,,
carvedilol,34245,4,,
clindamycin,19818,4,,
CLOPIDOGREL,2854,4,,
DEXAMETHASONE,34381,4,,
DEXMEDETOMIDINE HCL IN NACL 400 MCG/100ML IV SOLN,1694,4,,
heparin (porcine),33442,4,,
HumaLOG,13633,4,insulin,insulin
morphine,18084,4,morphine,opioid
MULTIVITAMIN,37207,4,,
SODIUM CHLORIDE 0.9 % IV 250 ML BAG,10093,4,,
SUBLIMAZE,22724,4,,
DEXTROSE 50%,918,3,dextrose-50,iv-sugar
FUROSEMIDE,2854,3,,
LOVENOX,18084,3,,
MEDROL,2876,3,,
metoprolol tartrate,6323,3,,
morphine,36097,3,morphine,opioid
nitroglycerin,1617,3,,
PANTOPRAZOLE SODIUM,2854,3,,
Parenteral Nutrition,38448,3,parenteral,nutrition-parenteral
Parenteral Nutrition,8009,3,parenteral,nutrition-parenteral
predniSONE,2854,3,,
"PROVENTIL,VENTOLIN",2074,3,,
3 ML  -  IPRATROPIUM-ALBUTEROL 0.5-2.5 (3) MG/3ML IN SOLN,9040,2,,
amiodarone,17793,2,,
amiodarone bolus,83,2,,
amLODIPine,2854,2,,
BUMEX,18084,2,,
Coumadin,24859,2,,
fentaNYL CITRATE INJ,1747,2,fentanyl,opioid
FOLIC ACID,21996,2,,
folic acid,2854,2,,
GABAPENTIN,2854,2,,
heparin,2808,2,,
heparin,8643,2,,
KETOROLAC TROMETHAMINE,21996,2,,
levETIRAcetam,8255,2,,
levothyroxine,18084,2,,
MEPERIDINE HCL,1687,2,,
METOPROLOL SUCCINATE,21996,2,,
metroNIDAZOLE,2854,2,,
midazolam,10329,2,,
NORMAL SALINE FLUSH,18084,2,,
Parenteral Nutrition,538,2,parenteral,nutrition-parenteral
Parenteral Nutrition,517,2,parenteral,nutrition-parenteral
SODIUM CHLORIDE 0.9 % IV 1000 ML BAG,10093,2,,
SODIUM PHOSPHATE,1331,2,,
traMADol,2854,2,,
ALBUMIN HUMAN 5 % IV SOLN,1694,1,,
ALBUTEROL SULF,2074,1,,
ALLOPURINOL,20274,1,,
ALLOPURINOL,2854,1,,
ASPIRIN,21996,1,,
ASPIRIN,1794,1,,
atorvastatin,6312,1,,
BACITRACIN,25966,1,,
BENADRYL,9759,1,,
BUMETANIDE,18084,1,,
CALCIUM CARBONATE,21996,1,,
carvedilol,13633,1,,
CATAPRES,2854,1,,
CEFEPIME,35848,1,,
clonazePAM,2854,1,,
CLONIDINE HCL,35805,1,,
CLOPIDOGREL,18084,1,,
CLOPIDOGREL BISULFATE,24859,1,,
Coumadin,2159,1,,
dextrose,928,1,dextrose,nutrition-sugar
DEXTROSE 50% VIAL,807,1,dextrose-50,iv-sugar
DIAZEPAM,18084,1,,
Dilaudid,22708,1,,
docusate sodium,1324,1,,
DOCUSATE SODIUM 100 MG PO CAPS,1694,1,,
EPINEPHrine,18084,1,epinephrine,adrenergic-agent
EPINEPHrine,36437,1,epinephrine,adrenergic-agent
folic acid,18084,1,,
heparin (porcine),2807,1,,
HYDROmorphone,2854,1,,
Insulin Aspart,35487,1,insulin,insulin
IPRATROPIUM BROMIDE 0.02 % IN SOLN,57,1,,
IPRATROPIUM-ALBUTEROL,18084,1,,
LACTULOSE,2854,1,,
LANTUS,18084,1,,
Levaquin,2854,1,,
Levemir,920,1,,
levETIRAcetam,2159,1,,
levETIRAcetam,2854,1,,
Lipitor,13633,1,,
LISINOPRIL,13633,1,,
LISINOPRIL,2159,1,,
LORazepam,2854,1,,
LORAZEPAM INJ,920,1,,
MAGNESIUM HYDROXIDE,1170,1,,
MAGNESIUM SULFATE,1327,1,,
meropenem,8255,1,,
MERREM,2854,1,,
METOCLOPRAMIDE HCL,18084,1,,
METOPROLOL,143,1,,
midazolam,24523,1,,
MULTIVITAMIN,21996,1,,
MULTIVITAMIN,1082,1,,
MULTIVITAMINS,1098,1,,
NITROSTAT,2854,1,,
NYSTATIN,13633,1,,
ONDANSETRON HCL 4 MG PO TABS,1694,1,,
PHYTONADIONE,24859,1,,
PROMETHAZINE HCL 25 MG/ML IJ SOLN,1694,1,,
Protonix,2159,1,,
senna,32690,1,,
SIMVASTATIN,13633,1,,
SODIUM CHLORIDE,8257,1,,
SoluMedrol,2875,1,,
SPIRONOLACTONE,13633,1,,
SPIRONOLACTONE,2854,1,,
TACROLIMUS,8974,1,,
traMADol,13633,1,,
TRANDATE,2854,1,,
TRANSDERM-SCOP,2005,1,,
Xanax,35420,1,,
Xanax,2854,1,,
ZOCOR,18084,1,,